epoch,time,train/box_loss,train/cls_loss,train/dfl_loss,metrics/precision(B),metrics/recall(B),metrics/mAP50(B),metrics/mAP50-95(B),val/box_loss,val/cls_loss,val/dfl_loss,lr/pg0,lr/pg1,lr/pg2
1,38.6596,2.38011,3.65236,2.21899,0.15547,0.08908,0.04139,0.01005,3.01565,4.72684,2.99368,0.0001,0.0001,0.0001
2,46.7275,2.15018,4.23641,2.03585,0.00214,0.34672,0.00161,0.0006,1.76762,12.8027,1.93231,0.000219782,0.000219782,0.000219782
3,53.7155,1.49181,3.01675,1.68344,0.44938,0.31965,0.25643,0.136,2.02168,5.8335,2.23777,0.000339327,0.000339327,0.000339327
4,60.9618,1.41248,2.00318,1.58573,0.01867,0.63144,0.01878,0.00868,1.71228,inf,3.15949,0.000458634,0.000458634,0.000458634
5,67.6498,1.26952,1.44824,1.50072,0.01681,0.43057,0.0135,0.00688,1.94874,inf,4.99779,0.000577703,0.000577703,0.000577703
6,74.2665,1.35063,1.28819,1.49108,0.01665,0.34585,0.00984,0.00356,2.61813,inf,12.2568,0.000696535,0.000696535,0.000696535
7,81.67,1.25642,1.12111,1.48255,0.03809,0.24891,0.02503,0.00791,2.52474,16.9138,3.02461,0.000815129,0.000815129,0.000815129
8,87.9884,1.255,1.0605,1.46824,0.30556,0.17293,0.13979,0.05579,2.09175,18.809,3.56308,0.000933486,0.000933486,0.000933486
9,94.5092,1.29972,1.09289,1.48367,0.07036,0.29345,0.0403,0.01088,2.64084,35.0693,6.43622,0.0010516,0.0010516,0.0010516
10,100.929,1.28099,1.0459,1.4674,0.05616,0.08035,0.01551,0.00404,3.18518,14.7569,4.30709,0.00116949,0.00116949,0.00116949
11,107.377,1.32165,1.08634,1.50481,0.02736,0.20437,0.01679,0.00375,3.0539,43.0994,4.36791,0.00128713,0.00128713,0.00128713
12,113.747,1.25527,1.01148,1.4706,0.05788,0.17729,0.03023,0.01065,2.51059,50.3861,5.32386,0.00140454,0.00140454,0.00140454
13,120.018,1.28365,1.03107,1.48495,0.01673,0.17904,0.00555,0.00124,3.80008,inf,25.4099,0.0015217,0.0015217,0.0015217
14,126.225,1.33091,1.07625,1.51945,0.0026,0.06114,0.00066,0.00017,4.60016,inf,30.0017,0.00163864,0.00163864,0.00163864
15,133.692,1.25955,0.98336,1.45739,0.00667,0.09083,0.00152,0.00033,4.20853,inf,16.6275,0.00175533,0.00175533,0.00175533
16,139.695,1.37155,1.03417,1.5534,0.00864,0.02882,0.00262,0.0006,3.83469,89.6095,19.8801,0.00187178,0.00187178,0.00187178
17,145.603,1.29863,1.00338,1.48668,0.03067,0.02183,0.00234,0.00071,4.34935,48.1597,8.21855,0.00196832,0.00196832,0.00196832
18,151.613,1.31109,0.98275,1.47469,0.00425,0.05153,0.00133,0.00038,4.34188,71.9859,6.85739,0.00196634,0.00196634,0.00196634
19,157.738,1.25427,0.96973,1.45031,0.00838,0.24017,0.0034,0.00108,3.8705,inf,16.6203,0.00196436,0.00196436,0.00196436
20,163.851,1.24582,0.90906,1.42969,0.00888,0.08472,0.00349,0.00101,3.74149,inf,7.99956,0.00196238,0.00196238,0.00196238
21,169.981,1.24269,0.93473,1.42864,0.01339,0.13886,0.005,0.00133,3.48496,43.0836,6.50754,0.0019604,0.0019604,0.0019604
22,176.042,1.25893,0.95724,1.44655,0.08457,0.25939,0.04602,0.01801,2.44793,20.6545,3.38696,0.00195842,0.00195842,0.00195842
23,182.018,1.21499,0.93268,1.41729,0.2534,0.24105,0.13972,0.06002,2.47688,6.76548,3.54752,0.00195644,0.00195644,0.00195644
24,188.007,1.25326,0.92481,1.43602,0.23966,0.22882,0.13142,0.05308,2.61347,4.74086,3.17126,0.00195446,0.00195446,0.00195446
25,194.028,1.17803,0.84547,1.36585,0.2496,0.34148,0.15452,0.07078,2.16572,7.58717,2.72608,0.00195248,0.00195248,0.00195248
26,200.01,1.174,0.86271,1.38855,0.43051,0.43245,0.35477,0.19366,1.83387,5.58766,2.35591,0.0019505,0.0019505,0.0019505
27,206.24,1.18377,0.819,1.38608,0.47226,0.39476,0.40746,0.20977,1.93922,5.66341,2.34786,0.00194852,0.00194852,0.00194852
28,212.412,1.20553,0.84217,1.40107,0.55113,0.42465,0.41867,0.19446,2.11098,3.02989,2.53781,0.00194654,0.00194654,0.00194654
29,218.408,1.16848,0.80691,1.37168,0.66997,0.57205,0.58588,0.34369,1.5175,2.09742,1.79269,0.00194456,0.00194456,0.00194456
30,224.56,1.14948,0.82323,1.36139,0.64695,0.60815,0.60669,0.32149,1.59538,2.66647,1.93804,0.00194258,0.00194258,0.00194258
31,230.513,1.10312,0.7651,1.3348,0.7677,0.72576,0.76288,0.43926,1.39535,1.78871,1.67123,0.0019406,0.0019406,0.0019406
32,236.649,1.14071,0.77665,1.35899,0.87367,0.70218,0.79167,0.51717,1.19623,1.81464,1.51314,0.00193862,0.00193862,0.00193862
33,242.712,1.08569,0.75564,1.32913,0.85072,0.74162,0.82667,0.53959,1.2086,1.3731,1.52444,0.00193664,0.00193664,0.00193664
34,248.821,1.07633,0.75316,1.33724,0.73186,0.63231,0.73549,0.45845,1.35133,1.59364,1.6072,0.00193466,0.00193466,0.00193466
35,254.788,1.09091,0.77545,1.34242,0.83105,0.74934,0.82828,0.51727,1.22177,1.1883,1.5012,0.00193268,0.00193268,0.00193268
36,260.656,1.07136,0.73805,1.32282,0.75692,0.58742,0.68472,0.4095,1.4313,1.34777,1.67663,0.0019307,0.0019307,0.0019307
37,266.622,1.05912,0.73856,1.30712,0.80384,0.73799,0.82778,0.53577,1.24232,1.33462,1.53146,0.00192872,0.00192872,0.00192872
38,272.573,1.04821,0.69693,1.29906,0.78355,0.72576,0.80329,0.5213,1.23897,1.45618,1.49166,0.00192674,0.00192674,0.00192674
39,278.629,1.06147,0.70517,1.29021,0.79356,0.72516,0.79674,0.5129,1.19905,2.54884,1.49517,0.00192476,0.00192476,0.00192476
40,284.581,1.08625,0.72528,1.33352,0.82065,0.71354,0.8082,0.53134,1.22982,1.53936,1.4803,0.00192278,0.00192278,0.00192278
41,290.499,1.03339,0.70857,1.28199,0.90226,0.75633,0.86934,0.59354,1.14333,0.96988,1.39867,0.0019208,0.0019208,0.0019208
42,296.639,1.06366,0.71905,1.31455,0.48639,0.69258,0.55982,0.3234,1.38679,1.92105,1.62849,0.00191882,0.00191882,0.00191882
43,302.561,1.06076,0.72829,1.31237,0.8802,0.76332,0.87282,0.60181,1.05671,0.81054,1.30897,0.00191684,0.00191684,0.00191684
44,308.941,1.03743,0.70652,1.28807,0.86264,0.75633,0.8684,0.55546,1.21374,0.91333,1.50382,0.00191486,0.00191486,0.00191486
45,314.85,1.05412,0.71091,1.32272,0.88783,0.79497,0.90776,0.59824,1.12338,0.80539,1.38639,0.00191288,0.00191288,0.00191288
46,320.968,1.06131,0.695,1.32012,0.82742,0.783,0.8804,0.57413,1.14557,0.9536,1.40154,0.0019109,0.0019109,0.0019109
47,326.86,1.02204,0.69085,1.30479,0.78973,0.72576,0.8083,0.55826,1.0796,1.23671,1.34306,0.00190892,0.00190892,0.00190892
48,332.772,1.00425,0.66514,1.2618,0.8645,0.83022,0.92374,0.63308,1.0575,1.02664,1.35519,0.00190694,0.00190694,0.00190694
49,338.925,1.01784,0.69426,1.28506,0.86553,0.80385,0.90422,0.57187,1.19404,1.16938,1.52189,0.00190496,0.00190496,0.00190496
50,344.905,1.01215,0.68024,1.29149,0.83438,0.74498,0.86597,0.5892,1.08643,1.11534,1.35104,0.00190298,0.00190298,0.00190298
51,350.785,1.02674,0.6717,1.28405,0.82281,0.75031,0.81163,0.57068,1.01774,1.38457,1.27139,0.001901,0.001901,0.001901
52,356.638,1.02682,0.69094,1.29348,0.81684,0.72227,0.8316,0.59263,1.02679,1.41153,1.27615,0.00189902,0.00189902,0.00189902
53,362.537,1.02113,0.67862,1.27981,0.92689,0.77729,0.91013,0.65402,1.00942,0.85608,1.24939,0.00189704,0.00189704,0.00189704
54,368.901,0.98192,0.64569,1.25842,0.93773,0.81536,0.93551,0.67372,0.99073,0.73002,1.25531,0.00189506,0.00189506,0.00189506
55,375.047,0.99597,0.63121,1.2655,0.93566,0.81223,0.9479,0.68021,1.00422,0.6526,1.25837,0.00189308,0.00189308,0.00189308
56,381.186,0.97621,0.62241,1.25494,0.91342,0.81572,0.93828,0.67257,0.99006,0.85117,1.2627,0.0018911,0.0018911,0.0018911
57,387.126,0.99681,0.6335,1.26545,0.94029,0.81747,0.93683,0.66254,0.99291,0.81582,1.28214,0.00188912,0.00188912,0.00188912
58,393.002,0.97622,0.62759,1.25874,0.94668,0.83581,0.95596,0.68852,1.00459,0.63736,1.27387,0.00188714,0.00188714,0.00188714
59,399.329,0.98822,0.64001,1.25691,0.93384,0.80349,0.93872,0.68185,0.97733,0.64191,1.23213,0.00188516,0.00188516,0.00188516
60,405.252,0.97769,0.60667,1.26059,0.93838,0.91965,0.97819,0.72145,0.93058,0.52222,1.19886,0.00188318,0.00188318,0.00188318
61,411.36,0.9658,0.62715,1.26205,0.8861,0.9048,0.95251,0.68636,0.99999,0.58796,1.2508,0.0018812,0.0018812,0.0018812
62,417.269,0.97994,0.62594,1.25406,0.91073,0.92402,0.96437,0.68443,0.99839,0.5995,1.27181,0.00187922,0.00187922,0.00187922
63,423.119,0.95838,0.6238,1.25871,0.91598,0.88384,0.95443,0.6934,0.94055,0.61858,1.2329,0.00187724,0.00187724,0.00187724
64,429.003,0.96594,0.61582,1.25623,0.88101,0.9083,0.9554,0.69771,0.95964,0.61197,1.23091,0.00187526,0.00187526,0.00187526
65,434.981,0.97473,0.61881,1.25597,0.908,0.88035,0.9581,0.71348,0.91635,0.58053,1.17148,0.00187328,0.00187328,0.00187328
66,440.87,0.94601,0.62691,1.23389,0.88455,0.88326,0.95398,0.68064,1.00241,0.67577,1.24495,0.0018713,0.0018713,0.0018713
67,446.799,0.95312,0.60403,1.23508,0.91984,0.8524,0.95221,0.69736,0.93499,0.65827,1.20129,0.00186932,0.00186932,0.00186932
68,452.739,0.95704,0.5963,1.23268,0.88102,0.82882,0.92653,0.67034,0.97102,0.7487,1.23938,0.00186734,0.00186734,0.00186734
69,458.624,0.96242,0.60425,1.24848,0.87366,0.90594,0.95959,0.70346,0.93846,0.61743,1.20704,0.00186536,0.00186536,0.00186536
70,464.549,0.95901,0.61029,1.24395,0.81777,0.8559,0.92223,0.65084,1.0055,0.76842,1.27237,0.00186338,0.00186338,0.00186338
71,470.494,0.93444,0.58662,1.23616,0.92867,0.88297,0.96306,0.69422,0.98065,0.55326,1.22168,0.0018614,0.0018614,0.0018614
72,476.453,0.91342,0.57458,1.19439,0.92846,0.86201,0.95923,0.7017,0.965,0.56836,1.20457,0.00185942,0.00185942,0.00185942
73,482.341,0.94225,0.58045,1.22055,0.93532,0.92197,0.97463,0.74487,0.88602,0.49756,1.14109,0.00185744,0.00185744,0.00185744
74,488.465,0.94837,0.5895,1.22645,0.934,0.90224,0.96945,0.71661,0.93867,0.54562,1.19315,0.00185546,0.00185546,0.00185546
75,494.386,0.97342,0.588,1.24607,0.89976,0.91965,0.95988,0.70426,0.94842,0.58916,1.22105,0.00185348,0.00185348,0.00185348
76,500.26,0.92231,0.57186,1.20594,0.89459,0.87466,0.95411,0.69629,0.94391,0.55943,1.20725,0.0018515,0.0018515,0.0018515
77,506.164,0.92927,0.57567,1.20519,0.89236,0.91179,0.96288,0.70136,0.9367,0.54785,1.1918,0.00184952,0.00184952,0.00184952
78,512.05,0.91971,0.59732,1.21219,0.89283,0.93131,0.9694,0.71418,0.94221,0.56024,1.21468,0.00184754,0.00184754,0.00184754
79,517.946,0.92263,0.5645,1.21568,0.95364,0.9048,0.9705,0.726,0.90366,0.52991,1.17466,0.00184556,0.00184556,0.00184556
80,523.853,0.94976,0.59404,1.23456,0.95091,0.91354,0.97436,0.73019,0.87819,0.58651,1.14796,0.00184358,0.00184358,0.00184358
81,529.866,0.93282,0.58819,1.22521,0.93777,0.93439,0.98074,0.74093,0.87173,0.50097,1.1477,0.0018416,0.0018416,0.0018416
82,535.774,0.9341,0.58254,1.22463,0.94437,0.91922,0.97695,0.74224,0.88372,0.51117,1.14806,0.00183962,0.00183962,0.00183962
83,541.635,0.92417,0.55696,1.23232,0.91599,0.93886,0.97266,0.72924,0.90659,0.50027,1.16415,0.00183764,0.00183764,0.00183764
84,547.581,0.9206,0.57131,1.22019,0.93704,0.9229,0.97659,0.73327,0.91486,0.50209,1.17489,0.00183566,0.00183566,0.00183566
85,553.442,0.90017,0.55722,1.19774,0.94706,0.84377,0.96682,0.74021,0.88192,0.5109,1.14777,0.00183368,0.00183368,0.00183368
86,559.375,0.91344,0.54732,1.20722,0.94927,0.88259,0.97218,0.74267,0.8778,0.49928,1.13448,0.0018317,0.0018317,0.0018317
87,565.315,0.88269,0.5373,1.17612,0.91232,0.89962,0.96993,0.74956,0.83766,0.50772,1.10997,0.00182972,0.00182972,0.00182972
88,571.435,0.89166,0.55883,1.19703,0.92585,0.92687,0.97838,0.74917,0.84878,0.50125,1.12044,0.00182774,0.00182774,0.00182774
89,577.521,0.93225,0.56181,1.21363,0.94533,0.93626,0.98241,0.74549,0.87992,0.49516,1.16611,0.00182576,0.00182576,0.00182576
90,583.473,0.93901,0.56,1.24273,0.96395,0.93423,0.98638,0.75844,0.84518,0.45952,1.11912,0.00182378,0.00182378,0.00182378
91,589.542,0.88979,0.55166,1.18618,0.94192,0.94892,0.98258,0.75264,0.88859,0.48106,1.13768,0.0018218,0.0018218,0.0018218
92,595.415,0.91364,0.55058,1.20175,0.94673,0.93131,0.98033,0.74634,0.873,0.48482,1.14368,0.00181982,0.00181982,0.00181982
93,601.283,0.90708,0.54325,1.1907,0.93799,0.93712,0.98184,0.73215,0.92723,0.51195,1.18791,0.00181784,0.00181784,0.00181784
94,607.212,0.87991,0.53733,1.18009,0.94688,0.95721,0.98605,0.7558,0.84285,0.50016,1.10861,0.00181586,0.00181586,0.00181586
95,613.091,0.8782,0.54956,1.17466,0.92064,0.91354,0.97421,0.7041,0.96614,0.55232,1.23933,0.00181388,0.00181388,0.00181388
96,619.049,0.87671,0.55143,1.19146,0.94909,0.94433,0.98551,0.74681,0.87666,0.48226,1.14343,0.0018119,0.0018119,0.0018119
97,624.987,0.86862,0.5368,1.19285,0.94117,0.93609,0.98205,0.75203,0.86,0.48098,1.14136,0.00180992,0.00180992,0.00180992
98,630.901,0.91144,0.55833,1.20776,0.94689,0.94988,0.98575,0.76616,0.82901,0.46345,1.10408,0.00180794,0.00180794,0.00180794
99,637.232,0.86472,0.54085,1.17166,0.95498,0.95371,0.98789,0.77709,0.82006,0.44528,1.08831,0.00180596,0.00180596,0.00180596
100,643.313,0.91183,0.54171,1.18631,0.93385,0.94585,0.98312,0.77302,0.80081,0.45847,1.06749,0.00180398,0.00180398,0.00180398
101,649.255,0.88312,0.52897,1.17283,0.94348,0.9607,0.98836,0.76319,0.84625,0.45439,1.12274,0.001802,0.001802,0.001802
102,655.197,0.90282,0.54074,1.20398,0.96125,0.95318,0.98803,0.77459,0.81338,0.43767,1.10413,0.00180002,0.00180002,0.00180002
103,661.126,0.86982,0.5179,1.17701,0.94991,0.96054,0.987,0.76449,0.82544,0.44009,1.11335,0.00179804,0.00179804,0.00179804
104,667.001,0.85144,0.4986,1.15936,0.96171,0.95197,0.98729,0.78111,0.8059,0.42512,1.08717,0.00179606,0.00179606,0.00179606
105,673.223,0.85209,0.50985,1.15731,0.95361,0.95157,0.98616,0.77113,0.80683,0.44912,1.09293,0.00179408,0.00179408,0.00179408
106,679.139,0.86382,0.52118,1.16207,0.94357,0.92751,0.98184,0.76902,0.81807,0.46075,1.1077,0.0017921,0.0017921,0.0017921
107,685.081,0.84783,0.49981,1.17407,0.94763,0.94934,0.98534,0.77586,0.82093,0.44895,1.10187,0.00179012,0.00179012,0.00179012
108,690.979,0.84934,0.49916,1.16606,0.94448,0.95085,0.9844,0.78148,0.7838,0.43943,1.07711,0.00178814,0.00178814,0.00178814
109,697.134,0.85423,0.52964,1.17244,0.95918,0.94934,0.9876,0.78774,0.79681,0.42531,1.07241,0.00178616,0.00178616,0.00178616
110,703.26,0.86331,0.50953,1.17045,0.96605,0.94423,0.98916,0.78081,0.81952,0.42881,1.09379,0.00178418,0.00178418,0.00178418
111,709.138,0.84091,0.49552,1.16259,0.96466,0.9441,0.98557,0.78604,0.79736,0.42955,1.07062,0.0017822,0.0017822,0.0017822
112,715.047,0.83131,0.49149,1.16527,0.96451,0.95197,0.98839,0.77562,0.8233,0.43483,1.10673,0.00178022,0.00178022,0.00178022
113,720.957,0.84539,0.50274,1.14918,0.95943,0.95006,0.98762,0.77123,0.82994,0.43981,1.12638,0.00177824,0.00177824,0.00177824
114,726.867,0.85298,0.51153,1.16301,0.96164,0.95546,0.98892,0.7807,0.79298,0.42241,1.07467,0.00177626,0.00177626,0.00177626
115,732.799,0.84809,0.49607,1.17287,0.95857,0.95895,0.98812,0.78839,0.77675,0.42358,1.05992,0.00177428,0.00177428,0.00177428
116,738.945,0.83296,0.47977,1.13985,0.94625,0.95334,0.98557,0.78136,0.76927,0.43887,1.05205,0.0017723,0.0017723,0.0017723
117,744.919,0.84835,0.49171,1.16724,0.93973,0.93962,0.98279,0.76313,0.82172,0.46459,1.08528,0.00177032,0.00177032,0.00177032
118,750.816,0.83864,0.49598,1.15667,0.94106,0.92028,0.97414,0.73355,0.8932,0.50519,1.13917,0.00176834,0.00176834,0.00176834
119,756.706,0.81889,0.49495,1.13404,0.97408,0.95179,0.98943,0.78881,0.77765,0.42226,1.06168,0.00176636,0.00176636,0.00176636
120,762.79,0.84223,0.48852,1.15436,0.97087,0.96065,0.99028,0.79639,0.76645,0.40257,1.05438,0.00176438,0.00176438,0.00176438
121,768.861,0.83744,0.4953,1.15956,0.95971,0.96332,0.9899,0.79751,0.77146,0.40171,1.05408,0.0017624,0.0017624,0.0017624
122,775.166,0.84052,0.49425,1.16185,0.97419,0.95613,0.98995,0.7897,0.76953,0.41593,1.05804,0.00176042,0.00176042,0.00176042
123,781.113,0.85394,0.5009,1.15412,0.92578,0.96332,0.98463,0.78464,0.77203,0.42685,1.05228,0.00175844,0.00175844,0.00175844
124,787.024,0.80984,0.48802,1.12988,0.92194,0.91802,0.97689,0.77902,0.7841,0.43323,1.06914,0.00175646,0.00175646,0.00175646
125,792.918,0.81969,0.48768,1.14664,0.95484,0.96026,0.98725,0.78857,0.75522,0.41831,1.04493,0.00175448,0.00175448,0.00175448
126,798.814,0.82338,0.50844,1.14417,0.94342,0.93205,0.98052,0.76101,0.82358,0.45763,1.10656,0.0017525,0.0017525,0.0017525
127,804.683,0.81851,0.49169,1.14095,0.93581,0.92949,0.9797,0.76983,0.81363,0.43553,1.08352,0.00175052,0.00175052,0.00175052
128,810.603,0.79522,0.47415,1.11637,0.95169,0.96357,0.98715,0.7903,0.77995,0.41099,1.05334,0.00174854,0.00174854,0.00174854
129,816.533,0.83846,0.48205,1.16223,0.96206,0.95236,0.98832,0.78479,0.81073,0.41428,1.07955,0.00174656,0.00174656,0.00174656
130,822.456,0.82576,0.46332,1.14558,0.95445,0.95459,0.98848,0.78936,0.79728,0.41412,1.07132,0.00174458,0.00174458,0.00174458
131,828.374,0.82522,0.46622,1.14899,0.96913,0.96332,0.99163,0.81049,0.75361,0.40028,1.04759,0.0017426,0.0017426,0.0017426
132,834.524,0.83021,0.49872,1.15068,0.97167,0.95855,0.99179,0.78349,0.80592,0.41263,1.08753,0.00174062,0.00174062,0.00174062
133,840.388,0.82885,0.48488,1.16974,0.96394,0.95895,0.99024,0.79549,0.77364,0.40763,1.06878,0.00173864,0.00173864,0.00173864
134,846.308,0.85424,0.49101,1.16317,0.95684,0.9681,0.98872,0.78784,0.78045,0.40201,1.06984,0.00173666,0.00173666,0.00173666
135,852.252,0.81688,0.47058,1.13763,0.95111,0.95137,0.98716,0.78436,0.78599,0.41576,1.07894,0.00173468,0.00173468,0.00173468
136,858.221,0.82751,0.48178,1.1371,0.95508,0.95284,0.98744,0.79844,0.75634,0.40795,1.0541,0.0017327,0.0017327,0.0017327
137,864.121,0.80774,0.48215,1.13219,0.9628,0.94931,0.98873,0.78915,0.77231,0.40784,1.05389,0.00173072,0.00173072,0.00173072
138,869.993,0.81169,0.47037,1.13045,0.95632,0.96245,0.98916,0.7774,0.79559,0.4199,1.06678,0.00172874,0.00172874,0.00172874
139,875.929,0.80874,0.48426,1.15449,0.96736,0.96943,0.99111,0.78702,0.74434,0.39944,1.04006,0.00172676,0.00172676,0.00172676
140,881.854,0.83451,0.47755,1.16557,0.96117,0.97287,0.99047,0.81894,0.73266,0.37693,1.03544,0.00172478,0.00172478,0.00172478
141,888.181,0.84738,0.50169,1.1741,0.96653,0.96245,0.99104,0.81152,0.74227,0.37806,1.03631,0.0017228,0.0017228,0.0017228
142,894.136,0.83584,0.47706,1.1512,0.96377,0.96245,0.99024,0.8015,0.76649,0.39577,1.05863,0.00172082,0.00172082,0.00172082
143,900.034,0.83845,0.48129,1.14609,0.95076,0.94433,0.98412,0.75635,0.83551,0.44281,1.13223,0.00171884,0.00171884,0.00171884
144,905.96,0.79404,0.4627,1.12623,0.96592,0.97118,0.99084,0.79093,0.7825,0.40153,1.08191,0.00171686,0.00171686,0.00171686
145,912.002,0.80932,0.48652,1.12975,0.95903,0.96075,0.98932,0.77641,0.82544,0.43091,1.10191,0.00171488,0.00171488,0.00171488
146,917.972,0.80424,0.46982,1.14018,0.96724,0.94847,0.98692,0.80437,0.75216,0.39422,1.04779,0.0017129,0.0017129,0.0017129
147,923.904,0.78324,0.46536,1.12081,0.96498,0.93856,0.98771,0.79396,0.77654,0.41609,1.08236,0.00171092,0.00171092,0.00171092
148,929.812,0.77707,0.44892,1.11838,0.9648,0.9607,0.98914,0.8048,0.75115,0.38388,1.05786,0.00170894,0.00170894,0.00170894
149,935.736,0.7982,0.46738,1.13323,0.96071,0.96093,0.98832,0.81284,0.73716,0.37904,1.02911,0.00170696,0.00170696,0.00170696
150,941.671,0.78449,0.46151,1.11948,0.96356,0.97003,0.98972,0.81249,0.74257,0.38551,1.03548,0.00170498,0.00170498,0.00170498
151,947.574,0.79684,0.45814,1.12374,0.96848,0.96611,0.99088,0.8138,0.73081,0.36875,1.03012,0.001703,0.001703,0.001703
152,953.451,0.80019,0.46528,1.12714,0.95166,0.97031,0.99043,0.79741,0.7716,0.38337,1.05105,0.00170102,0.00170102,0.00170102
153,959.389,0.78147,0.45094,1.1125,0.9735,0.96233,0.99123,0.80951,0.7379,0.38606,1.02514,0.00169904,0.00169904,0.00169904
154,965.324,0.77338,0.44872,1.1112,0.9757,0.95983,0.99115,0.80631,0.74489,0.38581,1.02557,0.00169706,0.00169706,0.00169706
155,971.221,0.79901,0.44972,1.12139,0.96658,0.96332,0.98995,0.79647,0.77048,0.38832,1.05183,0.00169508,0.00169508,0.00169508
156,977.155,0.78648,0.44599,1.12867,0.95486,0.9607,0.98945,0.80511,0.75071,0.38457,1.0337,0.0016931,0.0016931,0.0016931
157,983.147,0.7957,0.46084,1.12752,0.95348,0.96245,0.98724,0.80997,0.73602,0.38997,1.02088,0.00169112,0.00169112,0.00169112
158,989.109,0.77815,0.45169,1.1212,0.96602,0.96821,0.99051,0.80222,0.74929,0.37884,1.04414,0.00168914,0.00168914,0.00168914
159,995.015,0.78446,0.45659,1.13527,0.96982,0.97293,0.99142,0.81153,0.73126,0.36983,1.02664,0.00168716,0.00168716,0.00168716
160,1000.92,0.78434,0.46025,1.11365,0.97036,0.97031,0.99078,0.8056,0.74237,0.37856,1.04843,0.00168518,0.00168518,0.00168518
161,1006.86,0.79811,0.46204,1.12878,0.97197,0.96895,0.99005,0.80585,0.7444,0.38304,1.04591,0.0016832,0.0016832,0.0016832
162,1012.71,0.78484,0.46073,1.11673,0.97703,0.96594,0.99189,0.80288,0.74948,0.37489,1.04886,0.00168122,0.00168122,0.00168122
163,1018.59,0.78158,0.45687,1.12097,0.971,0.96513,0.98979,0.79742,0.75722,0.3882,1.06112,0.00167924,0.00167924,0.00167924
164,1024.51,0.76617,0.45562,1.11108,0.97292,0.95895,0.99056,0.80181,0.74964,0.37593,1.05901,0.00167726,0.00167726,0.00167726
165,1030.44,0.77989,0.43839,1.11687,0.97548,0.97118,0.9918,0.80371,0.77481,0.38416,1.05282,0.00167528,0.00167528,0.00167528
166,1036.33,0.80285,0.46296,1.13465,0.97964,0.96594,0.99232,0.81388,0.74567,0.36804,1.04577,0.0016733,0.0016733,0.0016733
167,1042.21,0.76702,0.46013,1.11358,0.96778,0.93362,0.98411,0.78596,0.79426,0.41364,1.08638,0.00167132,0.00167132,0.00167132
168,1048.09,0.7716,0.43381,1.12598,0.96068,0.95197,0.98057,0.75166,0.85857,0.46088,1.14303,0.00166934,0.00166934,0.00166934
169,1053.97,0.75691,0.43361,1.09697,0.97923,0.95546,0.99046,0.78423,0.8024,0.40318,1.10267,0.00166736,0.00166736,0.00166736
170,1059.87,0.75458,0.43008,1.10968,0.95745,0.9629,0.98949,0.81028,0.74133,0.38011,1.05013,0.00166538,0.00166538,0.00166538
171,1065.76,0.76812,0.44026,1.11255,0.97551,0.97419,0.99012,0.82266,0.70963,0.35809,1.02206,0.0016634,0.0016634,0.0016634
172,1071.86,0.75579,0.43797,1.10115,0.96959,0.97471,0.9904,0.82039,0.73189,0.36238,1.03755,0.00166142,0.00166142,0.00166142
173,1077.75,0.76956,0.45041,1.10705,0.95742,0.97205,0.98989,0.80552,0.74651,0.38544,1.03323,0.00165944,0.00165944,0.00165944
174,1083.67,0.73569,0.43129,1.08331,0.96044,0.9753,0.99102,0.81583,0.72703,0.37595,1.02646,0.00165746,0.00165746,0.00165746
175,1089.59,0.7865,0.43494,1.09701,0.96972,0.97896,0.99162,0.82233,0.71991,0.36633,1.0139,0.00165548,0.00165548,0.00165548
176,1095.49,0.77146,0.44128,1.10865,0.96143,0.97963,0.99112,0.81205,0.73335,0.36375,1.02094,0.0016535,0.0016535,0.0016535
177,1101.45,0.76979,0.43344,1.09528,0.97047,0.97467,0.99177,0.81102,0.73528,0.36691,1.03617,0.00165152,0.00165152,0.00165152
178,1107.39,0.761,0.42808,1.10791,0.97052,0.95983,0.99096,0.81949,0.7171,0.36958,1.01413,0.00164954,0.00164954,0.00164954
179,1113.3,0.75176,0.43958,1.09906,0.96477,0.97642,0.9906,0.81679,0.70726,0.35709,1.01478,0.00164756,0.00164756,0.00164756
180,1119.26,0.76232,0.42636,1.11535,0.97238,0.96856,0.99202,0.81962,0.71111,0.35673,1.0166,0.00164558,0.00164558,0.00164558
181,1125.15,0.76497,0.44142,1.11642,0.97214,0.97524,0.99195,0.83176,0.68161,0.34514,0.99394,0.0016436,0.0016436,0.0016436
182,1131.32,0.75513,0.42646,1.09045,0.97276,0.9667,0.99234,0.82956,0.6931,0.35387,1.00202,0.00164162,0.00164162,0.00164162
183,1137.23,0.76437,0.43169,1.08663,0.96899,0.97293,0.9901,0.82723,0.68785,0.35065,0.98984,0.00163964,0.00163964,0.00163964
184,1143.15,0.74416,0.4391,1.10034,0.97197,0.96899,0.9915,0.82634,0.69456,0.35208,0.99569,0.00163766,0.00163766,0.00163766
185,1149.07,0.74156,0.43475,1.10743,0.97872,0.96943,0.99244,0.82899,0.68849,0.34016,1.00189,0.00163568,0.00163568,0.00163568
186,1155.01,0.76808,0.46118,1.12924,0.97619,0.96681,0.99226,0.82603,0.70749,0.34639,1.01569,0.0016337,0.0016337,0.0016337
187,1160.9,0.74821,0.42148,1.10158,0.97628,0.97118,0.99204,0.82207,0.70944,0.34916,1.01765,0.00163172,0.00163172,0.00163172
188,1166.8,0.7614,0.42384,1.09901,0.96618,0.98079,0.99022,0.80532,0.74788,0.36554,1.05427,0.00162974,0.00162974,0.00162974
189,1172.72,0.77898,0.44406,1.11936,0.96549,0.97293,0.98984,0.81693,0.7211,0.35534,1.01912,0.00162776,0.00162776,0.00162776
190,1178.58,0.77736,0.43195,1.11672,0.97455,0.96984,0.9921,0.83476,0.68307,0.34149,1.00149,0.00162578,0.00162578,0.00162578
191,1184.71,0.73453,0.42579,1.08197,0.97167,0.96332,0.98976,0.81038,0.72497,0.36494,1.03977,0.0016238,0.0016238,0.0016238
192,1190.64,0.77451,0.42109,1.11013,0.97893,0.97904,0.99289,0.82751,0.68961,0.34375,0.99778,0.00162182,0.00162182,0.00162182
193,1196.59,0.74192,0.43122,1.08057,0.9803,0.98079,0.99317,0.8343,0.69231,0.33906,0.9961,0.00161984,0.00161984,0.00161984
194,1202.51,0.74585,0.41968,1.09123,0.98152,0.9743,0.99276,0.82359,0.70998,0.35761,1.00467,0.00161786,0.00161786,0.00161786
195,1208.41,0.74676,0.41479,1.09028,0.97305,0.97743,0.9927,0.81287,0.71218,0.35342,1.01211,0.00161588,0.00161588,0.00161588
196,1214.29,0.72228,0.42131,1.07997,0.97263,0.96943,0.99205,0.82838,0.70121,0.34953,0.99928,0.0016139,0.0016139,0.0016139
197,1220.46,0.73506,0.41297,1.08918,0.96677,0.97555,0.99089,0.82421,0.70266,0.34964,1.00326,0.00161192,0.00161192,0.00161192
198,1226.29,0.73585,0.41425,1.08922,0.96153,0.98231,0.99257,0.83824,0.67578,0.33889,0.97992,0.00160994,0.00160994,0.00160994
199,1232.39,0.74911,0.4338,1.09611,0.98324,0.98341,0.99348,0.84308,0.66791,0.32973,0.973,0.00160796,0.00160796,0.00160796
200,1238.52,0.73094,0.41261,1.08357,0.97248,0.98771,0.99217,0.83753,0.68314,0.33198,0.98113,0.00160598,0.00160598,0.00160598
201,1244.45,0.747,0.42398,1.08693,0.96726,0.97205,0.99056,0.82745,0.6959,0.35589,1.00169,0.001604,0.001604,0.001604
202,1250.36,0.76697,0.42995,1.1068,0.97715,0.97817,0.99307,0.81452,0.72224,0.36185,1.02438,0.00160202,0.00160202,0.00160202
203,1256.3,0.73782,0.42523,1.09453,0.98167,0.98243,0.99364,0.84372,0.65474,0.33361,0.9801,0.00160004,0.00160004,0.00160004
204,1262.45,0.71507,0.40941,1.08946,0.981,0.98341,0.99325,0.83001,0.67121,0.33572,0.99594,0.00159806,0.00159806,0.00159806
205,1268.38,0.7214,0.41448,1.09843,0.97822,0.98063,0.9929,0.83723,0.68112,0.33737,1.01159,0.00159608,0.00159608,0.00159608
206,1274.26,0.74039,0.41627,1.09713,0.97643,0.9738,0.99315,0.83944,0.66624,0.33695,0.99837,0.0015941,0.0015941,0.0015941
207,1280.16,0.74256,0.42109,1.09906,0.97152,0.97205,0.99207,0.81121,0.73014,0.3737,1.03675,0.00159212,0.00159212,0.00159212
208,1286.06,0.70459,0.40178,1.08693,0.97564,0.97293,0.9925,0.83085,0.69596,0.34745,1.01589,0.00159014,0.00159014,0.00159014
209,1291.95,0.73735,0.41175,1.09221,0.96594,0.96769,0.99104,0.8219,0.7228,0.35928,1.03783,0.00158816,0.00158816,0.00158816
210,1297.86,0.71317,0.40922,1.07709,0.97665,0.97904,0.99234,0.84656,0.65493,0.32,0.97493,0.00158618,0.00158618,0.00158618
211,1303.97,0.71732,0.41163,1.07138,0.97135,0.97706,0.99171,0.81915,0.72389,0.35532,1.01879,0.0015842,0.0015842,0.0015842
212,1309.83,0.71467,0.41371,1.07791,0.96714,0.97668,0.99219,0.81628,0.74594,0.35578,1.04043,0.00158222,0.00158222,0.00158222
213,1315.72,0.69906,0.38347,1.06862,0.97581,0.97729,0.99286,0.83229,0.69106,0.32816,0.9948,0.00158024,0.00158024,0.00158024
214,1321.65,0.7272,0.3978,1.08099,0.9866,0.96445,0.99291,0.82598,0.70119,0.33087,1.01404,0.00157826,0.00157826,0.00157826
215,1327.61,0.72236,0.40844,1.07659,0.97978,0.97555,0.99344,0.84446,0.66326,0.31598,0.97592,0.00157628,0.00157628,0.00157628
216,1333.43,0.71177,0.39281,1.06937,0.97575,0.98253,0.99351,0.84745,0.67148,0.32122,0.98825,0.0015743,0.0015743,0.0015743
217,1339.51,0.74358,0.40362,1.10379,0.98514,0.97205,0.99267,0.85335,0.645,0.31545,0.96944,0.00157232,0.00157232,0.00157232
218,1345.76,0.69928,0.39909,1.07021,0.98393,0.97467,0.99384,0.85262,0.64576,0.3117,0.96602,0.00157034,0.00157034,0.00157034
219,1351.66,0.71298,0.41677,1.0746,0.97417,0.98829,0.99405,0.84108,0.68408,0.3233,0.98997,0.00156836,0.00156836,0.00156836
220,1357.58,0.70846,0.39262,1.0766,0.98423,0.98144,0.99355,0.84651,0.66124,0.31893,0.97656,0.00156638,0.00156638,0.00156638
221,1363.49,0.74782,0.4125,1.08268,0.98591,0.97796,0.99342,0.84899,0.65485,0.31603,0.9683,0.0015644,0.0015644,0.0015644
222,1369.4,0.72933,0.41098,1.08162,0.97553,0.97486,0.99233,0.83559,0.68197,0.33593,0.9857,0.00156242,0.00156242,0.00156242
223,1375.27,0.68432,0.39522,1.04825,0.9688,0.97817,0.99219,0.80464,0.7552,0.35802,1.05194,0.00156044,0.00156044,0.00156044
224,1381.25,0.70731,0.39969,1.0749,0.95367,0.98079,0.9922,0.81179,0.7172,0.35587,1.03869,0.00155846,0.00155846,0.00155846
225,1387.16,0.71214,0.40781,1.05396,0.96477,0.98341,0.99311,0.84878,0.66009,0.32017,0.96732,0.00155648,0.00155648,0.00155648
226,1393.09,0.70091,0.40588,1.06826,0.97404,0.983,0.99322,0.84611,0.66954,0.31679,0.98593,0.0015545,0.0015545,0.0015545
227,1398.95,0.71158,0.38815,1.04842,0.97743,0.96943,0.99263,0.8337,0.69449,0.33433,1.00776,0.00155252,0.00155252,0.00155252
228,1404.81,0.70326,0.39628,1.06188,0.97683,0.97642,0.99348,0.85035,0.66166,0.31472,0.9819,0.00155054,0.00155054,0.00155054
229,1410.73,0.69179,0.37905,1.05559,0.96996,0.98777,0.9933,0.84452,0.67201,0.32027,0.99372,0.00154856,0.00154856,0.00154856
230,1416.69,0.71069,0.38968,1.08484,0.97427,0.98079,0.99254,0.84132,0.6726,0.31973,0.98402,0.00154658,0.00154658,0.00154658
231,1422.58,0.70224,0.38713,1.05685,0.97501,0.97555,0.99227,0.85903,0.63,0.31046,0.94646,0.0015446,0.0015446,0.0015446
232,1428.67,0.68818,0.38305,1.04778,0.97223,0.9783,0.99344,0.85211,0.63514,0.31392,0.94611,0.00154262,0.00154262,0.00154262
233,1434.57,0.6849,0.38294,1.05264,0.98235,0.97201,0.99329,0.85635,0.62314,0.31528,0.94225,0.00154064,0.00154064,0.00154064
234,1440.57,0.73244,0.41208,1.0749,0.97319,0.98284,0.99312,0.85556,0.62661,0.31271,0.94517,0.00153866,0.00153866,0.00153866
235,1446.51,0.71449,0.40976,1.07273,0.97421,0.96769,0.99141,0.85466,0.64021,0.31618,0.95868,0.00153668,0.00153668,0.00153668
236,1452.47,0.70234,0.40347,1.07472,0.9706,0.98029,0.99282,0.84264,0.65999,0.32362,0.97254,0.0015347,0.0015347,0.0015347
237,1458.38,0.70546,0.38959,1.07414,0.97779,0.97817,0.99253,0.84384,0.6558,0.32186,0.97707,0.00153272,0.00153272,0.00153272
238,1464.31,0.7111,0.39804,1.08773,0.97872,0.98166,0.99315,0.83677,0.65098,0.32924,0.98435,0.00153074,0.00153074,0.00153074
239,1470.21,0.70972,0.39791,1.07353,0.97814,0.97719,0.99223,0.83551,0.66205,0.32448,0.99167,0.00152876,0.00152876,0.00152876
240,1476.12,0.71195,0.39667,1.09202,0.96925,0.98603,0.99325,0.84627,0.63826,0.31501,0.97355,0.00152678,0.00152678,0.00152678
241,1482.06,0.66834,0.3792,1.0626,0.97317,0.98188,0.99347,0.86101,0.61285,0.30707,0.9596,0.0015248,0.0015248,0.0015248
242,1488.22,0.69921,0.39104,1.06069,0.97055,0.98777,0.99339,0.83843,0.68032,0.3238,1.00659,0.00152282,0.00152282,0.00152282
243,1494.18,0.68487,0.38568,1.04862,0.99127,0.98166,0.99418,0.8602,0.61574,0.29827,0.94587,0.00152084,0.00152084,0.00152084
244,1500.04,0.72536,0.38504,1.06252,0.99294,0.98247,0.99459,0.8667,0.60465,0.29174,0.93287,0.00151886,0.00151886,0.00151886
245,1506.37,0.67047,0.37419,1.04044,0.98944,0.98219,0.99399,0.87634,0.58316,0.28669,0.92403,0.00151688,0.00151688,0.00151688
246,1512.52,0.69831,0.38688,1.04814,0.97968,0.98341,0.99392,0.85928,0.62387,0.31167,0.95095,0.0015149,0.0015149,0.0015149
247,1518.43,0.67611,0.37951,1.04813,0.99045,0.9869,0.99433,0.87707,0.59375,0.29195,0.92454,0.00151292,0.00151292,0.00151292
248,1524.78,0.66919,0.3714,1.05536,0.98734,0.98428,0.99299,0.86298,0.61901,0.2966,0.94316,0.00151094,0.00151094,0.00151094
249,1530.69,0.67463,0.38174,1.04443,0.98215,0.98865,0.99343,0.85542,0.63111,0.30459,0.95676,0.00150896,0.00150896,0.00150896
250,1536.59,0.69165,0.38269,1.07002,0.98765,0.99127,0.99431,0.86916,0.60742,0.29277,0.94332,0.00150698,0.00150698,0.00150698
251,1542.47,0.66149,0.37467,1.05797,0.99004,0.98515,0.99438,0.85127,0.64683,0.30589,0.98336,0.001505,0.001505,0.001505
252,1548.38,0.65207,0.35802,1.03961,0.97758,0.98428,0.99266,0.84653,0.65779,0.31185,0.98795,0.00150302,0.00150302,0.00150302
253,1554.33,0.69427,0.37737,1.05664,0.98632,0.99127,0.99417,0.8623,0.61726,0.29628,0.95956,0.00150104,0.00150104,0.00150104
254,1560.21,0.67859,0.3623,1.05253,0.9809,0.98656,0.99373,0.86099,0.62007,0.30467,0.95142,0.00149906,0.00149906,0.00149906
255,1566.08,0.69993,0.39002,1.05987,0.98523,0.98166,0.99442,0.86067,0.61918,0.29973,0.95428,0.00149708,0.00149708,0.00149708
256,1571.98,0.63884,0.35389,1.02484,0.97753,0.98782,0.99357,0.86013,0.62214,0.29794,0.95433,0.0014951,0.0014951,0.0014951
257,1577.97,0.67341,0.34992,1.04994,0.98513,0.98385,0.99377,0.86311,0.62208,0.29686,0.95773,0.00149312,0.00149312,0.00149312
258,1583.87,0.69204,0.3735,1.06402,0.98261,0.98703,0.9939,0.85843,0.61985,0.29242,0.94923,0.00149114,0.00149114,0.00149114
259,1589.76,0.67159,0.3693,1.04633,0.98904,0.9869,0.99388,0.85397,0.6259,0.2933,0.95146,0.00148916,0.00148916,0.00148916
260,1595.65,0.67063,0.36119,1.05171,0.97496,0.98777,0.99388,0.85407,0.63287,0.30005,0.96058,0.00148718,0.00148718,0.00148718
261,1601.51,0.67651,0.37034,1.05052,0.98769,0.98069,0.99396,0.85254,0.64926,0.30845,0.97177,0.0014852,0.0014852,0.0014852
262,1607.42,0.67741,0.35653,1.04411,0.98859,0.98378,0.99401,0.85202,0.64518,0.30414,0.96775,0.00148322,0.00148322,0.00148322
263,1613.41,0.64907,0.3541,1.04005,0.97627,0.98865,0.99377,0.84854,0.65366,0.31122,0.9759,0.00148124,0.00148124,0.00148124
264,1619.36,0.67105,0.35984,1.04181,0.98381,0.98777,0.99368,0.85595,0.64346,0.29802,0.97123,0.00147926,0.00147926,0.00147926
265,1625.28,0.67828,0.38342,1.07131,0.98521,0.98888,0.99396,0.86231,0.62159,0.29177,0.96253,0.00147728,0.00147728,0.00147728
266,1631.18,0.64764,0.36648,1.04821,0.98339,0.98247,0.99371,0.86661,0.60574,0.28907,0.95845,0.0014753,0.0014753,0.0014753
267,1637.18,0.67837,0.37251,1.04921,0.98181,0.98981,0.99397,0.86726,0.59598,0.28482,0.94315,0.00147332,0.00147332,0.00147332
268,1643.08,0.67182,0.36958,1.05599,0.98169,0.98338,0.99371,0.85936,0.62291,0.29604,0.95468,0.00147134,0.00147134,0.00147134
269,1649.02,0.67494,0.3741,1.04737,0.9885,0.97591,0.99389,0.86424,0.60359,0.28773,0.93919,0.00146936,0.00146936,0.00146936
270,1654.94,0.63274,0.35598,1.04078,0.98173,0.98532,0.99286,0.87169,0.57654,0.28395,0.92401,0.00146738,0.00146738,0.00146738
271,1660.83,0.66475,0.35774,1.05879,0.98561,0.98166,0.9939,0.85635,0.62528,0.299,0.96074,0.0014654,0.0014654,0.0014654
272,1666.72,0.66648,0.37274,1.05214,0.98295,0.98603,0.99359,0.87066,0.59925,0.28897,0.94719,0.00146342,0.00146342,0.00146342
273,1672.65,0.64551,0.35937,1.04235,0.98429,0.98478,0.99365,0.86802,0.6026,0.28769,0.94452,0.00146144,0.00146144,0.00146144
274,1678.53,0.66108,0.36875,1.06105,0.98602,0.98777,0.9943,0.86397,0.61779,0.29027,0.95399,0.00145946,0.00145946,0.00145946
275,1684.41,0.65598,0.35279,1.04226,0.97759,0.98515,0.99402,0.86818,0.60723,0.2882,0.94541,0.00145748,0.00145748,0.00145748
276,1690.32,0.69202,0.37805,1.04959,0.98256,0.98405,0.99309,0.86143,0.6383,0.29731,0.96583,0.0014555,0.0014555,0.0014555
277,1696.19,0.66668,0.35896,1.02855,0.97654,0.98161,0.9924,0.83771,0.68149,0.31379,0.98714,0.00145352,0.00145352,0.00145352
278,1702.06,0.67155,0.35739,1.03911,0.97881,0.98952,0.99336,0.85544,0.63478,0.29516,0.95836,0.00145154,0.00145154,0.00145154
279,1707.93,0.63942,0.35316,1.01685,0.98342,0.98434,0.9934,0.86116,0.61473,0.29026,0.9434,0.00144956,0.00144956,0.00144956
280,1713.84,0.63363,0.36079,1.03443,0.98173,0.98952,0.99398,0.86629,0.59787,0.28717,0.93213,0.00144758,0.00144758,0.00144758
281,1719.81,0.62759,0.34865,1.02349,0.98614,0.99408,0.99433,0.87453,0.57877,0.2767,0.92139,0.0014456,0.0014456,0.0014456
282,1725.73,0.66121,0.36399,1.02764,0.98443,0.99395,0.99437,0.87556,0.5856,0.28276,0.9323,0.00144362,0.00144362,0.00144362
283,1731.66,0.62824,0.35478,1.02362,0.97932,0.98865,0.99389,0.86917,0.60122,0.29313,0.94293,0.00144164,0.00144164,0.00144164
284,1737.55,0.64551,0.34915,1.03338,0.98268,0.99127,0.99422,0.87847,0.58947,0.28351,0.93806,0.00143966,0.00143966,0.00143966
285,1743.72,0.64653,0.37202,1.03421,0.98724,0.98253,0.9941,0.86279,0.61435,0.29456,0.94994,0.00143768,0.00143768,0.00143768
286,1749.67,0.6652,0.35047,1.0443,0.99119,0.9831,0.99431,0.86926,0.59965,0.2871,0.93572,0.0014357,0.0014357,0.0014357
287,1755.57,0.62587,0.34725,1.02793,0.99039,0.98969,0.9947,0.87477,0.59,0.28094,0.92482,0.00143372,0.00143372,0.00143372
288,1761.56,0.64374,0.35227,1.04155,0.98952,0.98976,0.99466,0.88006,0.57834,0.27544,0.92007,0.00143174,0.00143174,0.00143174
289,1767.71,0.64631,0.34714,1.03144,0.98353,0.99214,0.99439,0.87235,0.59465,0.27895,0.93254,0.00142976,0.00142976,0.00142976
290,1773.61,0.65299,0.35612,1.03892,0.98781,0.98865,0.99438,0.87149,0.59659,0.27812,0.93069,0.00142778,0.00142778,0.00142778
291,1779.48,0.65132,0.35867,1.02619,0.98815,0.99389,0.99459,0.8791,0.57499,0.27243,0.92052,0.0014258,0.0014258,0.0014258
292,1785.41,0.64011,0.34647,1.04497,0.98865,0.98917,0.99443,0.87835,0.58008,0.27365,0.93017,0.00142382,0.00142382,0.00142382
293,1791.3,0.63935,0.35681,1.0293,0.98099,0.99169,0.99412,0.87337,0.59814,0.28058,0.94663,0.00142184,0.00142184,0.00142184
294,1797.26,0.64542,0.34418,1.03903,0.98321,0.98603,0.99302,0.86245,0.62875,0.29273,0.96371,0.00141986,0.00141986,0.00141986
295,1803.22,0.65449,0.3449,1.02757,0.98429,0.98514,0.99406,0.86779,0.60889,0.28415,0.94602,0.00141788,0.00141788,0.00141788
296,1809.09,0.65505,0.35923,1.04349,0.98204,0.98166,0.99355,0.86117,0.62731,0.29195,0.95769,0.0014159,0.0014159,0.0014159
297,1815.05,0.67287,0.3671,1.05627,0.98299,0.98777,0.99461,0.8714,0.59877,0.2785,0.93926,0.00141392,0.00141392,0.00141392
298,1820.97,0.6254,0.35045,1.02601,0.98889,0.98079,0.99445,0.87337,0.59341,0.28536,0.93173,0.00141194,0.00141194,0.00141194
299,1826.89,0.63081,0.34474,1.02391,0.99204,0.98952,0.99474,0.87473,0.58336,0.27766,0.92197,0.00140996,0.00140996,0.00140996
300,1832.82,0.63329,0.34257,1.02176,0.98844,0.99214,0.99469,0.86234,0.61122,0.2894,0.94526,0.00140798,0.00140798,0.00140798
301,1838.77,0.63319,0.34972,1.02624,0.99125,0.98925,0.99415,0.87099,0.60937,0.28111,0.9452,0.001406,0.001406,0.001406
302,1844.67,0.6658,0.35121,1.0358,0.98691,0.98792,0.99459,0.86124,0.6278,0.28736,0.9622,0.00140402,0.00140402,0.00140402
303,1850.62,0.6492,0.35131,1.03294,0.98272,0.99309,0.9945,0.87607,0.57988,0.2749,0.92131,0.00140204,0.00140204,0.00140204
304,1856.52,0.66238,0.36077,1.02659,0.98693,0.98914,0.99422,0.87998,0.56747,0.27285,0.9156,0.00140006,0.00140006,0.00140006
305,1862.45,0.63836,0.34422,1.02138,0.98351,0.98974,0.99368,0.86099,0.61319,0.29468,0.93813,0.00139808,0.00139808,0.00139808
306,1868.37,0.64485,0.35862,1.00988,0.98779,0.98603,0.99313,0.86924,0.59782,0.27981,0.92615,0.0013961,0.0013961,0.0013961
307,1874.3,0.62535,0.34425,1.01603,0.98855,0.98021,0.99266,0.87595,0.58412,0.27521,0.91714,0.00139412,0.00139412,0.00139412
308,1880.14,0.62222,0.33796,1.01398,0.98097,0.99039,0.99373,0.87191,0.59354,0.28028,0.92917,0.00139214,0.00139214,0.00139214
309,1886.02,0.64064,0.35,1.02002,0.98869,0.98777,0.99451,0.87863,0.5773,0.27171,0.91859,0.00139016,0.00139016,0.00139016
310,1892.03,0.63404,0.34725,1.01904,0.98968,0.98952,0.99467,0.87614,0.59122,0.27762,0.92595,0.00138818,0.00138818,0.00138818
311,1897.93,0.65659,0.36106,1.04195,0.98953,0.99085,0.99464,0.86769,0.6189,0.28247,0.94911,0.0013862,0.0013862,0.0013862
312,1903.87,0.61166,0.33975,1.01062,0.99043,0.98515,0.99457,0.86916,0.60759,0.2843,0.94042,0.00138422,0.00138422,0.00138422
313,1909.8,0.60311,0.34817,0.99634,0.98521,0.98871,0.99406,0.87631,0.59173,0.28216,0.92771,0.00138224,0.00138224,0.00138224
314,1915.67,0.63875,0.35793,1.02248,0.98186,0.99249,0.99403,0.87058,0.59464,0.28708,0.93301,0.00138026,0.00138026,0.00138026
315,1921.59,0.62393,0.34302,1.0231,0.98524,0.99093,0.99445,0.87756,0.57905,0.27822,0.92153,0.00137828,0.00137828,0.00137828
316,1927.5,0.64208,0.36737,1.0161,0.98954,0.9919,0.99448,0.88718,0.55408,0.26651,0.9076,0.0013763,0.0013763,0.0013763
317,1933.65,0.62149,0.34602,1.01924,0.98659,0.99301,0.99457,0.87529,0.58536,0.27607,0.93202,0.00137432,0.00137432,0.00137432
318,1939.55,0.62366,0.34485,1.02393,0.98804,0.9869,0.99464,0.87876,0.58006,0.27359,0.92768,0.00137234,0.00137234,0.00137234
319,1945.5,0.59823,0.32093,1.00727,0.98543,0.98253,0.99434,0.86277,0.63835,0.29284,0.96489,0.00137036,0.00137036,0.00137036
320,1951.49,0.62094,0.33312,1.02329,0.99174,0.9869,0.99464,0.89188,0.55289,0.26501,0.9081,0.00136838,0.00136838,0.00136838
321,1957.61,0.61946,0.33525,0.99887,0.98754,0.98952,0.99378,0.88291,0.57804,0.27739,0.91967,0.0013664,0.0013664,0.0013664
322,1963.52,0.63701,0.34752,1.02168,0.98917,0.98777,0.99449,0.8847,0.57802,0.27675,0.91805,0.00136442,0.00136442,0.00136442
323,1969.41,0.62112,0.34535,1.01983,0.98005,0.99476,0.99449,0.88416,0.56988,0.27153,0.92103,0.00136244,0.00136244,0.00136244
324,1975.32,0.62132,0.33661,1.00067,0.99315,0.99039,0.99467,0.8895,0.54837,0.26146,0.90925,0.00136046,0.00136046,0.00136046
325,1981.25,0.5981,0.33348,0.99918,0.9893,0.99127,0.99459,0.89101,0.54068,0.26434,0.90073,0.00135848,0.00135848,0.00135848
326,1987.13,0.60461,0.32747,1.00719,0.99298,0.98869,0.99459,0.88627,0.55696,0.26905,0.91119,0.0013565,0.0013565,0.0013565
327,1993.06,0.61864,0.33007,1.02692,0.98709,0.98777,0.99438,0.88498,0.55889,0.26513,0.91922,0.00135452,0.00135452,0.00135452
328,1998.96,0.62656,0.34807,1.02316,0.97742,0.99127,0.99416,0.87548,0.58238,0.27554,0.92929,0.00135254,0.00135254,0.00135254
329,2004.81,0.61658,0.34045,1.01097,0.98339,0.98515,0.99408,0.88103,0.57449,0.27312,0.91923,0.00135056,0.00135056,0.00135056
330,2010.65,0.61436,0.33038,1.01257,0.98341,0.98381,0.99382,0.88109,0.56979,0.26824,0.92008,0.00134858,0.00134858,0.00134858
331,2016.54,0.60864,0.32937,1.00313,0.99127,0.99136,0.99476,0.88965,0.56007,0.26126,0.91266,0.0013466,0.0013466,0.0013466
332,2022.5,0.60409,0.32568,1.00411,0.993,0.99115,0.99469,0.88317,0.58559,0.264,0.92679,0.00134462,0.00134462,0.00134462
333,2028.38,0.61657,0.34296,1.00798,0.99127,0.99145,0.99457,0.88215,0.57764,0.26351,0.92799,0.00134264,0.00134264,0.00134264
334,2034.25,0.62595,0.33878,1.01178,0.98953,0.99023,0.99412,0.85251,0.6381,0.29098,0.98313,0.00134066,0.00134066,0.00134066
335,2040.14,0.59823,0.3248,0.9989,0.9895,0.98762,0.99395,0.87375,0.60153,0.27392,0.94108,0.00133868,0.00133868,0.00133868
336,2046.12,0.62081,0.32666,1.01918,0.98699,0.99403,0.99468,0.88769,0.5677,0.26124,0.91844,0.0013367,0.0013367,0.0013367
337,2052.06,0.60485,0.3374,1.00707,0.99223,0.99039,0.99479,0.89275,0.54055,0.25504,0.90229,0.00133472,0.00133472,0.00133472
338,2058.15,0.6048,0.33723,1.00715,0.99389,0.99387,0.99489,0.89189,0.54047,0.25593,0.89536,0.00133274,0.00133274,0.00133274
339,2064.05,0.6042,0.33178,1.00203,0.99268,0.98603,0.99454,0.87981,0.57467,0.26729,0.91522,0.00133076,0.00133076,0.00133076
340,2069.97,0.60363,0.32392,0.99164,0.99115,0.98341,0.99435,0.88648,0.55359,0.2593,0.89974,0.00132878,0.00132878,0.00132878
341,2075.86,0.62106,0.33122,1.01173,0.9921,0.98754,0.9946,0.90115,0.52273,0.24599,0.88334,0.0013268,0.0013268,0.0013268
342,2082.01,0.62495,0.32413,1.01314,0.99481,0.99039,0.99494,0.89694,0.53936,0.24767,0.89494,0.00132482,0.00132482,0.00132482
343,2087.96,0.6214,0.33494,1.01678,0.98779,0.98952,0.9946,0.88779,0.56325,0.25826,0.91175,0.00132284,0.00132284,0.00132284
344,2093.83,0.60457,0.3251,1.00799,0.98823,0.99039,0.99398,0.88485,0.56808,0.2635,0.91047,0.00132086,0.00132086,0.00132086
345,2099.72,0.58373,0.32136,0.99142,0.99198,0.99301,0.9938,0.89324,0.54434,0.25568,0.89455,0.00131888,0.00131888,0.00131888
346,2105.67,0.62001,0.32923,1.0075,0.99212,0.99039,0.99439,0.88201,0.58304,0.26895,0.92339,0.0013169,0.0013169,0.0013169
347,2111.6,0.57258,0.30954,0.98803,0.99384,0.98673,0.99472,0.88621,0.57703,0.26659,0.91714,0.00131492,0.00131492,0.00131492
348,2117.55,0.6184,0.3319,1.00376,0.98941,0.99301,0.99477,0.88574,0.57209,0.26481,0.9146,0.00131294,0.00131294,0.00131294
349,2123.51,0.59023,0.31739,0.99386,0.9882,0.99476,0.9947,0.87858,0.58752,0.27114,0.93565,0.00131096,0.00131096,0.00131096
350,2129.45,0.6189,0.34184,1.02056,0.98765,0.99476,0.99469,0.89115,0.54636,0.25022,0.90657,0.00130898,0.00130898,0.00130898
351,2135.37,0.62114,0.33709,1.01918,0.98869,0.99389,0.99475,0.89052,0.5505,0.25586,0.91,0.001307,0.001307,0.001307
352,2141.3,0.58319,0.31185,0.98682,0.99217,0.99632,0.99491,0.89721,0.53469,0.25129,0.89488,0.00130502,0.00130502,0.00130502
353,2147.18,0.5895,0.31114,0.99103,0.99543,0.99738,0.99488,0.90124,0.51132,0.24042,0.88253,0.00130304,0.00130304,0.00130304
354,2153.36,0.59972,0.31611,1.01708,0.99561,0.99825,0.99485,0.90026,0.51943,0.24322,0.8883,0.00130106,0.00130106,0.00130106
355,2159.28,0.59633,0.31731,1.0094,0.99282,0.99563,0.99478,0.89343,0.54423,0.25208,0.90318,0.00129908,0.00129908,0.00129908
356,2165.22,0.61735,0.32934,1.01475,0.99389,0.99384,0.99463,0.89094,0.54829,0.25067,0.90881,0.0012971,0.0012971,0.0012971
357,2171.12,0.59447,0.32157,0.99885,0.99006,0.99563,0.99479,0.89583,0.5365,0.24934,0.89842,0.00129512,0.00129512,0.00129512
358,2177.07,0.58208,0.31526,0.98793,0.99052,0.99389,0.99482,0.89508,0.53817,0.25063,0.89175,0.00129314,0.00129314,0.00129314
359,2182.98,0.60149,0.31736,1.00367,0.98859,0.99389,0.99464,0.88755,0.56444,0.2609,0.90806,0.00129116,0.00129116,0.00129116
360,2188.89,0.56947,0.31013,0.96988,0.98919,0.99214,0.9948,0.89481,0.5419,0.25514,0.89776,0.00128918,0.00128918,0.00128918
361,2195.2,0.59723,0.31516,0.98655,0.98612,0.99282,0.99466,0.88537,0.56835,0.25886,0.91753,0.0012872,0.0012872,0.0012872
362,2201.08,0.5934,0.31967,1.00839,0.98317,0.99389,0.99437,0.85188,0.64433,0.2874,0.96706,0.00128522,0.00128522,0.00128522
363,2207,0.56977,0.30344,0.97631,0.9887,0.99317,0.99463,0.88748,0.55926,0.25213,0.9103,0.00128324,0.00128324,0.00128324
364,2212.94,0.58116,0.30998,0.98353,0.99215,0.99214,0.99471,0.89498,0.54375,0.24689,0.89645,0.00128126,0.00128126,0.00128126
365,2218.85,0.59445,0.32616,1.00059,0.99019,0.99476,0.99459,0.89242,0.54863,0.25055,0.9074,0.00127928,0.00127928,0.00127928
366,2224.82,0.60093,0.33357,0.98929,0.98951,0.99563,0.99477,0.89479,0.53578,0.24707,0.89264,0.0012773,0.0012773,0.0012773
367,2230.72,0.58845,0.31686,0.99879,0.9877,0.99389,0.99419,0.90063,0.5207,0.2452,0.88051,0.00127532,0.00127532,0.00127532
368,2236.65,0.5991,0.32113,1.0018,0.99133,0.99651,0.99444,0.90926,0.48741,0.24069,0.86509,0.00127334,0.00127334,0.00127334
369,2242.78,0.57982,0.33131,0.98455,0.99601,0.99563,0.99487,0.90477,0.503,0.2422,0.87119,0.00127136,0.00127136,0.00127136
370,2248.68,0.56739,0.3056,0.97284,0.994,0.99825,0.99493,0.90126,0.51233,0.24118,0.87507,0.00126938,0.00126938,0.00126938
371,2254.57,0.57733,0.31672,0.98322,0.9896,0.99696,0.99437,0.90345,0.5054,0.2405,0.87003,0.0012674,0.0012674,0.0012674
372,2260.5,0.57594,0.32211,0.98371,0.99217,0.99629,0.99484,0.9077,0.50112,0.23546,0.86988,0.00126542,0.00126542,0.00126542
373,2266.4,0.55137,0.30853,0.97995,0.99305,0.99389,0.99472,0.89676,0.53046,0.24244,0.89093,0.00126344,0.00126344,0.00126344
374,2272.39,0.57822,0.29908,0.98293,0.9892,0.99563,0.99484,0.89985,0.52507,0.24198,0.88659,0.00126146,0.00126146,0.00126146
375,2278.31,0.55499,0.31274,0.97862,0.99131,0.99645,0.99488,0.90541,0.50503,0.23559,0.87173,0.00125948,0.00125948,0.00125948
376,2284.23,0.57444,0.31223,0.98468,0.99278,0.99476,0.99489,0.90726,0.50724,0.23574,0.88077,0.0012575,0.0012575,0.0012575
377,2290.19,0.56453,0.31422,0.98508,0.9894,0.99651,0.99451,0.90421,0.51827,0.2393,0.88949,0.00125552,0.00125552,0.00125552
378,2296.12,0.56925,0.30847,0.99474,0.99518,0.99476,0.99447,0.90647,0.51416,0.23891,0.88539,0.00125354,0.00125354,0.00125354
379,2302.01,0.58585,0.32106,1.00833,0.99374,0.99476,0.99494,0.89293,0.53976,0.24699,0.90669,0.00125156,0.00125156,0.00125156
380,2307.96,0.55309,0.30095,0.97391,0.99019,0.99738,0.99475,0.9057,0.50328,0.23843,0.88075,0.00124958,0.00124958,0.00124958
381,2313.91,0.58292,0.30601,0.99989,0.99344,0.99476,0.99435,0.90552,0.4995,0.23348,0.87516,0.0012476,0.0012476,0.0012476
382,2319.81,0.57662,0.31555,0.9973,0.9886,0.99127,0.99354,0.90201,0.50862,0.24136,0.88155,0.00124562,0.00124562,0.00124562
383,2325.72,0.57542,0.31171,0.98956,0.98704,0.99783,0.9942,0.89905,0.53175,0.24613,0.89392,0.00124364,0.00124364,0.00124364
384,2331.64,0.57704,0.31996,0.99003,0.99045,0.99651,0.99473,0.89742,0.52697,0.24199,0.88886,0.00124166,0.00124166,0.00124166
385,2337.6,0.57314,0.3089,0.98564,0.99132,0.99738,0.99453,0.90821,0.49537,0.23183,0.8665,0.00123968,0.00123968,0.00123968
386,2343.55,0.57732,0.30287,0.9866,0.99375,0.99301,0.99479,0.89905,0.53469,0.24633,0.88835,0.0012377,0.0012377,0.0012377
387,2349.48,0.57411,0.31755,0.99113,0.99305,0.9979,0.99482,0.8875,0.56464,0.25685,0.91656,0.00123572,0.00123572,0.00123572
388,2355.36,0.57697,0.30811,0.98548,0.99217,0.99646,0.99484,0.8996,0.53241,0.24977,0.89265,0.00123374,0.00123374,0.00123374
389,2361.27,0.56766,0.30851,0.9814,0.99251,0.99738,0.99489,0.90121,0.52089,0.24189,0.87591,0.00123176,0.00123176,0.00123176
390,2367.25,0.55961,0.30308,0.98808,0.99113,0.99651,0.99475,0.90853,0.50511,0.23561,0.86824,0.00122978,0.00122978,0.00122978
391,2373.14,0.58054,0.30494,0.97635,0.98789,0.99716,0.99413,0.90169,0.50925,0.23981,0.87429,0.0012278,0.0012278,0.0012278
392,2379.08,0.58374,0.32334,0.98938,0.98958,0.99527,0.99468,0.8907,0.54118,0.25047,0.89858,0.00122582,0.00122582,0.00122582
393,2384.92,0.56435,0.31229,0.99434,0.99283,0.99651,0.99484,0.90951,0.49905,0.23214,0.86662,0.00122384,0.00122384,0.00122384
394,2391.02,0.55208,0.29525,0.95994,0.99354,0.99651,0.99487,0.90595,0.49643,0.22805,0.86678,0.00122186,0.00122186,0.00122186
395,2396.92,0.55894,0.30461,0.96917,0.99238,0.99476,0.99485,0.89663,0.53052,0.24038,0.88992,0.00121988,0.00121988,0.00121988
396,2402.87,0.58756,0.30819,0.98831,0.99271,0.99563,0.99476,0.90677,0.50249,0.235,0.87315,0.0012179,0.0012179,0.0012179
397,2408.84,0.57578,0.31147,0.98593,0.99217,0.99574,0.99484,0.90525,0.49703,0.23599,0.86594,0.00121592,0.00121592,0.00121592
398,2414.76,0.56692,0.31404,0.98176,0.9927,0.99825,0.99493,0.89814,0.51388,0.24067,0.87629,0.00121394,0.00121394,0.00121394
399,2420.67,0.57547,0.31008,0.99334,0.98789,0.99752,0.99489,0.90655,0.4938,0.23328,0.86829,0.00121196,0.00121196,0.00121196
400,2426.61,0.59664,0.32469,1.00449,0.99046,0.99651,0.99494,0.90739,0.48961,0.23436,0.86921,0.00120998,0.00120998,0.00120998
401,2432.5,0.54325,0.29634,0.97037,0.99303,0.99599,0.99493,0.89777,0.52352,0.23772,0.88951,0.001208,0.001208,0.001208
402,2438.37,0.56158,0.31093,0.97581,0.99601,0.99563,0.99494,0.90601,0.5163,0.2345,0.88233,0.00120602,0.00120602,0.00120602
403,2444.3,0.57626,0.30574,0.98422,0.98902,0.99651,0.99486,0.90772,0.50345,0.23249,0.87623,0.00120404,0.00120404,0.00120404
404,2450.21,0.56255,0.29934,0.98115,0.99002,0.99738,0.99489,0.90905,0.50615,0.23185,0.87963,0.00120206,0.00120206,0.00120206
405,2456.14,0.54769,0.29304,0.9783,0.99304,0.99717,0.99492,0.89427,0.54043,0.24446,0.90338,0.00120008,0.00120008,0.00120008
406,2462.07,0.56939,0.31586,0.99778,0.99298,0.99389,0.99494,0.89851,0.5288,0.242,0.89065,0.0011981,0.0011981,0.0011981
407,2468,0.54632,0.29742,0.96859,0.99125,0.99651,0.99494,0.90313,0.51785,0.23659,0.87947,0.00119612,0.00119612,0.00119612
408,2473.9,0.56902,0.31511,0.98405,0.99372,0.99476,0.99496,0.90383,0.51715,0.2405,0.87577,0.00119414,0.00119414,0.00119414
409,2479.81,0.54846,0.30524,0.96285,0.99609,0.99563,0.995,0.90325,0.52132,0.24288,0.8789,0.00119216,0.00119216,0.00119216
410,2485.68,0.5436,0.30232,0.96885,0.99389,0.99449,0.99481,0.90829,0.50775,0.23256,0.87304,0.00119018,0.00119018,0.00119018
411,2491.59,0.54105,0.2994,0.96239,0.99476,0.99547,0.99473,0.90679,0.51156,0.23014,0.87435,0.0011882,0.0011882,0.0011882
412,2497.52,0.52564,0.2979,0.961,0.99046,0.99724,0.99489,0.89889,0.53008,0.23655,0.88757,0.00118622,0.00118622,0.00118622
413,2503.44,0.5508,0.302,0.97637,0.99563,0.99592,0.99495,0.91152,0.49059,0.23126,0.85892,0.00118424,0.00118424,0.00118424
414,2509.61,0.55616,0.30606,0.98045,0.9911,0.99651,0.99473,0.90294,0.50256,0.23743,0.86683,0.00118226,0.00118226,0.00118226
415,2515.51,0.52802,0.29211,0.95587,0.9906,0.99301,0.99478,0.88906,0.53064,0.24728,0.89173,0.00118028,0.00118028,0.00118028
416,2521.43,0.54051,0.29095,0.97154,0.98908,0.99389,0.99473,0.88407,0.55087,0.25554,0.91339,0.0011783,0.0011783,0.0011783
417,2527.36,0.56203,0.30571,0.98249,0.99476,0.99543,0.9948,0.8882,0.53718,0.25119,0.90132,0.00117632,0.00117632,0.00117632
418,2533.33,0.55171,0.29554,0.97123,0.99388,0.99361,0.99488,0.90599,0.5056,0.23602,0.87469,0.00117434,0.00117434,0.00117434
419,2539.23,0.57776,0.31279,0.98451,0.98874,0.99701,0.99486,0.91102,0.49769,0.23033,0.86541,0.00117236,0.00117236,0.00117236
420,2545.16,0.553,0.3003,0.97507,0.98874,0.9971,0.99464,0.8985,0.53281,0.24384,0.89056,0.00117038,0.00117038,0.00117038
421,2551.15,0.55238,0.29246,0.96153,0.98956,0.99825,0.99487,0.90822,0.50786,0.23296,0.87082,0.0011684,0.0011684,0.0011684
422,2557.09,0.54075,0.28955,0.95987,0.99697,0.99825,0.99496,0.92205,0.46225,0.21679,0.84668,0.00116642,0.00116642,0.00116642
423,2563.22,0.55209,0.30105,0.97409,0.99528,0.99825,0.99493,0.92056,0.46142,0.21671,0.8482,0.00116444,0.00116444,0.00116444
424,2569.17,0.53398,0.2904,0.96635,0.99218,0.99688,0.99488,0.92037,0.45482,0.21699,0.84434,0.00116246,0.00116246,0.00116246
425,2575.08,0.55499,0.29502,0.9652,0.99477,0.99714,0.99488,0.91965,0.45945,0.21871,0.84664,0.00116048,0.00116048,0.00116048
426,2580.98,0.55259,0.30238,0.96572,0.9953,0.99825,0.99491,0.91924,0.45779,0.21763,0.84224,0.0011585,0.0011585,0.0011585
427,2586.96,0.5414,0.29428,0.96537,0.99635,0.99738,0.99489,0.90829,0.48496,0.22603,0.85878,0.00115652,0.00115652,0.00115652
428,2592.91,0.5256,0.28562,0.94866,0.99255,0.99563,0.99488,0.91269,0.48705,0.2306,0.85922,0.00115454,0.00115454,0.00115454
429,2598.81,0.53536,0.28694,0.9625,0.99178,0.99825,0.99488,0.91054,0.49785,0.23168,0.86968,0.00115256,0.00115256,0.00115256
430,2604.69,0.56787,0.29493,0.97998,0.9939,0.99568,0.9949,0.91346,0.48992,0.22759,0.86343,0.00115058,0.00115058,0.00115058
431,2610.64,0.53656,0.28427,0.96475,0.99562,0.99321,0.99491,0.9005,0.51928,0.24393,0.88648,0.0011486,0.0011486,0.0011486
432,2616.6,0.53778,0.29281,0.96391,0.99097,0.99476,0.99478,0.88767,0.55201,0.25846,0.9159,0.00114662,0.00114662,0.00114662
433,2622.52,0.52381,0.28323,0.95823,0.9942,0.99825,0.99487,0.91211,0.4872,0.23322,0.86052,0.00114464,0.00114464,0.00114464
434,2628.42,0.53826,0.28584,0.96304,0.99349,0.99738,0.99483,0.90126,0.52967,0.24217,0.88957,0.00114266,0.00114266,0.00114266
435,2634.32,0.52615,0.28865,0.96706,0.9938,0.99825,0.99488,0.90492,0.5154,0.23148,0.87471,0.00114068,0.00114068,0.00114068
436,2640.22,0.55307,0.29914,0.96959,0.99634,0.99825,0.9949,0.91596,0.47612,0.22374,0.85035,0.0011387,0.0011387,0.0011387
437,2646.15,0.55239,0.30281,0.97417,0.99304,0.99756,0.9949,0.91659,0.47734,0.22507,0.85207,0.00113672,0.00113672,0.00113672
438,2652.14,0.5544,0.29065,0.95912,0.99494,0.99651,0.99495,0.91903,0.46204,0.22537,0.84558,0.00113474,0.00113474,0.00113474
439,2658.05,0.54945,0.2969,0.96913,0.9965,0.99501,0.99498,0.91988,0.46278,0.22283,0.85042,0.00113276,0.00113276,0.00113276
440,2663.97,0.51638,0.2855,0.95887,0.99564,0.99612,0.99496,0.92205,0.46228,0.22137,0.84786,0.00113078,0.00113078,0.00113078
441,2670.07,0.54039,0.28765,0.96614,0.99391,0.99731,0.99496,0.90832,0.49459,0.2289,0.8734,0.0011288,0.0011288,0.0011288
442,2676.05,0.53841,0.29566,0.95919,0.99511,0.99563,0.99493,0.90824,0.49406,0.22685,0.87181,0.00112682,0.00112682,0.00112682
443,2681.97,0.53258,0.28245,0.95991,0.99563,0.99437,0.99482,0.90372,0.50803,0.23676,0.8779,0.00112484,0.00112484,0.00112484
444,2687.9,0.53035,0.28653,0.95182,0.99476,0.99536,0.99454,0.89878,0.52312,0.24372,0.89253,0.00112286,0.00112286,0.00112286
445,2693.79,0.53282,0.2834,0.9612,0.99684,0.99738,0.99498,0.91287,0.49464,0.22352,0.86734,0.00112088,0.00112088,0.00112088
446,2699.69,0.5408,0.29298,0.96778,0.99843,0.99301,0.995,0.91111,0.49425,0.22519,0.86434,0.0011189,0.0011189,0.0011189
447,2705.57,0.5299,0.28214,0.95803,0.99487,0.99127,0.99491,0.8981,0.52991,0.24485,0.88839,0.00111692,0.00111692,0.00111692
448,2711.55,0.5408,0.29129,0.96612,0.98993,0.99651,0.99479,0.89443,0.53979,0.24774,0.89635,0.00111494,0.00111494,0.00111494
449,2717.45,0.50299,0.27292,0.94304,0.98875,0.99563,0.99405,0.90408,0.51968,0.23873,0.87837,0.00111296,0.00111296,0.00111296
450,2723.35,0.53629,0.29471,0.96433,0.99132,0.99778,0.99448,0.9109,0.49683,0.22963,0.86121,0.00111098,0.00111098,0.00111098
451,2729.25,0.52004,0.27944,0.96217,0.99564,0.9979,0.9946,0.91416,0.48369,0.22495,0.85258,0.001109,0.001109,0.001109
452,2735.15,0.52354,0.28079,0.95259,0.99478,0.99824,0.99492,0.90949,0.49731,0.22789,0.86543,0.00110702,0.00110702,0.00110702
453,2741.13,0.5069,0.27233,0.94157,0.99506,0.99651,0.99486,0.90866,0.50116,0.22989,0.87259,0.00110504,0.00110504,0.00110504
454,2747.09,0.53972,0.2874,0.95677,0.99304,0.99653,0.99487,0.89055,0.53883,0.24257,0.90256,0.00110306,0.00110306,0.00110306
455,2753.03,0.53299,0.28765,0.95508,0.99737,0.99535,0.99496,0.91481,0.48151,0.22464,0.85263,0.00110108,0.00110108,0.00110108
456,2758.94,0.53713,0.28157,0.96243,0.9939,0.99641,0.99492,0.91114,0.49639,0.23096,0.86236,0.0010991,0.0010991,0.0010991
457,2764.86,0.51578,0.28437,0.95076,0.99301,0.99293,0.99488,0.90529,0.5081,0.23535,0.87005,0.00109712,0.00109712,0.00109712
458,2770.81,0.51463,0.28034,0.94202,0.99562,0.99372,0.99489,0.9182,0.46822,0.21707,0.84771,0.00109514,0.00109514,0.00109514
459,2776.83,0.51646,0.28081,0.94619,0.99563,0.99392,0.99489,0.91571,0.47419,0.22148,0.8498,0.00109316,0.00109316,0.00109316
460,2782.8,0.51025,0.27968,0.95515,0.9951,0.99825,0.99495,0.91707,0.47109,0.21902,0.8439,0.00109118,0.00109118,0.00109118
461,2788.7,0.49951,0.27678,0.95556,0.99515,0.99476,0.99487,0.9192,0.46807,0.21802,0.84303,0.0010892,0.0010892,0.0010892
462,2794.62,0.51939,0.28016,0.94351,0.99824,0.99283,0.995,0.9199,0.45837,0.21799,0.83991,0.00108722,0.00108722,0.00108722
463,2800.51,0.50562,0.28009,0.93328,0.99479,0.99476,0.99495,0.91196,0.4836,0.22911,0.85809,0.00108524,0.00108524,0.00108524
464,2806.45,0.51458,0.28695,0.95384,0.9965,0.99556,0.99493,0.92125,0.45724,0.21718,0.83741,0.00108326,0.00108326,0.00108326
465,2812.34,0.53591,0.28636,0.96162,0.99825,0.99909,0.99497,0.92776,0.44219,0.20873,0.82733,0.00108128,0.00108128,0.00108128
466,2818.44,0.50139,0.27731,0.94447,0.99741,0.99825,0.99499,0.92717,0.44579,0.20981,0.83069,0.0010793,0.0010793,0.0010793
467,2824.37,0.52377,0.28246,0.95996,0.99565,0.99952,0.99499,0.93029,0.43837,0.20828,0.82757,0.00107732,0.00107732,0.00107732
468,2830.49,0.51402,0.28103,0.94548,0.99528,0.99913,0.99499,0.92233,0.45205,0.21054,0.83582,0.00107534,0.00107534,0.00107534
469,2836.43,0.50838,0.274,0.94645,0.99154,0.99563,0.99491,0.92117,0.46024,0.21927,0.83685,0.00107336,0.00107336,0.00107336
470,2842.38,0.52545,0.27875,0.95018,0.99508,0.99825,0.99492,0.92681,0.44046,0.20809,0.82778,0.00107138,0.00107138,0.00107138
471,2848.3,0.53516,0.28992,0.94989,0.99694,0.99738,0.99498,0.92721,0.43294,0.20762,0.82653,0.0010694,0.0010694,0.0010694
472,2854.18,0.49834,0.27654,0.93395,0.99458,0.99651,0.99487,0.92634,0.44438,0.20983,0.8314,0.00106742,0.00106742,0.00106742
473,2860.12,0.50552,0.28307,0.94462,0.99563,0.99651,0.99491,0.92835,0.43662,0.2061,0.82683,0.00106544,0.00106544,0.00106544
474,2866.04,0.5194,0.28267,0.95057,0.99464,0.99913,0.99497,0.92947,0.43006,0.20799,0.8233,0.00106346,0.00106346,0.00106346
475,2871.99,0.4933,0.26857,0.94519,0.99738,0.99646,0.995,0.92633,0.44844,0.21205,0.83424,0.00106148,0.00106148,0.00106148
476,2877.94,0.51066,0.27553,0.95823,0.99337,0.99563,0.99492,0.91247,0.48544,0.22347,0.85365,0.0010595,0.0010595,0.0010595
477,2883.88,0.516,0.28531,0.95272,0.99563,0.99574,0.99491,0.90711,0.50437,0.23071,0.86749,0.00105752,0.00105752,0.00105752
478,2889.82,0.50628,0.28144,0.94279,0.99293,0.99389,0.99488,0.90795,0.50144,0.23525,0.86678,0.00105554,0.00105554,0.00105554
479,2895.79,0.50548,0.28139,0.95177,0.99482,0.99476,0.99494,0.92471,0.44446,0.21163,0.82936,0.00105356,0.00105356,0.00105356
480,2901.71,0.51856,0.28325,0.93737,0.99912,0.99373,0.99499,0.92889,0.43132,0.20641,0.81983,0.00105158,0.00105158,0.00105158
481,2907.62,0.50531,0.27187,0.9548,0.9963,0.99301,0.99497,0.93177,0.42599,0.20611,0.81861,0.0010496,0.0010496,0.0010496
482,2913.73,0.5253,0.291,0.95891,0.99389,0.99461,0.99489,0.9233,0.44823,0.21432,0.83136,0.00104762,0.00104762,0.00104762
483,2919.65,0.52166,0.28473,0.95408,0.99014,0.99651,0.99491,0.90957,0.48729,0.22833,0.85919,0.00104564,0.00104564,0.00104564
484,2925.58,0.5372,0.29214,0.96152,0.99478,0.99809,0.99496,0.92395,0.4536,0.21252,0.83704,0.00104366,0.00104366,0.00104366
485,2931.55,0.5145,0.27522,0.95352,0.99738,0.99561,0.995,0.92596,0.44505,0.21061,0.83498,0.00104168,0.00104168,0.00104168
486,2937.48,0.50695,0.26947,0.95562,0.99453,0.99825,0.99498,0.92436,0.45181,0.20989,0.84475,0.0010397,0.0010397,0.0010397
487,2943.42,0.5138,0.27574,0.95198,0.99564,0.99781,0.9947,0.92575,0.4442,0.20735,0.83935,0.00103772,0.00103772,0.00103772
488,2949.36,0.51697,0.28831,0.95407,0.9929,0.99738,0.99457,0.92619,0.4518,0.2088,0.84387,0.00103574,0.00103574,0.00103574
489,2955.25,0.49818,0.27085,0.93665,0.99216,0.99527,0.99482,0.92569,0.45713,0.21266,0.84787,0.00103376,0.00103376,0.00103376
490,2961.17,0.51045,0.2751,0.95835,0.99477,0.99609,0.99494,0.92755,0.44891,0.20951,0.84198,0.00103178,0.00103178,0.00103178
491,2967.1,0.52069,0.27768,0.96132,0.99564,0.99634,0.99496,0.93006,0.44688,0.20816,0.83888,0.0010298,0.0010298,0.0010298
492,2972.99,0.49816,0.27152,0.94613,0.99825,0.99664,0.99499,0.92473,0.46446,0.2119,0.84846,0.00102782,0.00102782,0.00102782
493,2978.83,0.49483,0.27312,0.9595,0.99306,0.99986,0.995,0.92649,0.45029,0.20557,0.83964,0.00102584,0.00102584,0.00102584
494,2984.7,0.50036,0.26839,0.93299,0.99467,0.99738,0.99498,0.92848,0.43916,0.20671,0.83335,0.00102386,0.00102386,0.00102386
495,2990.58,0.51978,0.28121,0.95803,0.99457,0.99825,0.99497,0.92804,0.44352,0.20658,0.83416,0.00102188,0.00102188,0.00102188
496,2996.52,0.50488,0.27671,0.94114,0.9955,0.99738,0.99496,0.93155,0.42731,0.20179,0.82635,0.0010199,0.0010199,0.0010199
497,3002.42,0.49918,0.26558,0.94413,0.99681,0.99825,0.99496,0.93114,0.43261,0.20055,0.82916,0.00101792,0.00101792,0.00101792
498,3008.37,0.49196,0.25956,0.94756,0.99391,0.99844,0.99481,0.92375,0.46097,0.2119,0.84506,0.00101594,0.00101594,0.00101594
499,3014.32,0.47973,0.25805,0.93995,0.99299,0.99913,0.99497,0.92434,0.4574,0.2099,0.84342,0.00101396,0.00101396,0.00101396
500,3020.24,0.48109,0.26847,0.93213,0.99303,0.99569,0.99493,0.92248,0.45588,0.21039,0.84358,0.00101198,0.00101198,0.00101198
501,3026.16,0.5,0.26702,0.93596,0.99562,0.99264,0.99493,0.91907,0.47383,0.22184,0.85219,0.00101,0.00101,0.00101
502,3032.05,0.48717,0.26534,0.93381,0.99432,0.99476,0.99491,0.92119,0.46136,0.21994,0.84429,0.00100802,0.00100802,0.00100802
503,3037.99,0.48458,0.26452,0.93909,0.99389,0.99825,0.99496,0.9293,0.433,0.21016,0.82613,0.00100604,0.00100604,0.00100604
504,3043.95,0.49536,0.26123,0.94648,0.99913,0.99968,0.99498,0.93638,0.41478,0.20104,0.81715,0.00100406,0.00100406,0.00100406
505,3050.1,0.49756,0.2698,0.93558,0.99476,1,0.99489,0.92491,0.45987,0.21333,0.84233,0.00100208,0.00100208,0.00100208
506,3056.02,0.501,0.27119,0.94217,0.99826,0.99968,0.99499,0.93256,0.42954,0.20292,0.82633,0.0010001,0.0010001,0.0010001
507,3061.95,0.476,0.26002,0.93972,0.99738,0.99881,0.995,0.93859,0.41452,0.19666,0.81803,0.00099812,0.00099812,0.00099812
508,3068.1,0.49949,0.27306,0.94539,0.99684,0.99651,0.99497,0.93375,0.42812,0.20294,0.82561,0.00099614,0.00099614,0.00099614
509,3074.02,0.49512,0.26721,0.94343,0.99547,1,0.995,0.93221,0.42247,0.19931,0.82362,0.00099416,0.00099416,0.00099416
510,3079.96,0.48678,0.26305,0.9389,0.99392,0.99985,0.99497,0.93209,0.42688,0.20017,0.82923,0.00099218,0.00099218,0.00099218
511,3085.91,0.49197,0.27442,0.94144,0.99447,0.99738,0.99496,0.9302,0.42595,0.20189,0.82928,0.0009902,0.0009902,0.0009902
512,3091.83,0.47451,0.26567,0.93441,0.99046,0.99729,0.99494,0.93545,0.41861,0.19911,0.8218,0.00098822,0.00098822,0.00098822
513,3097.78,0.48119,0.26859,0.93662,0.99391,0.99752,0.99498,0.93191,0.42468,0.19975,0.82285,0.00098624,0.00098624,0.00098624
514,3103.68,0.4855,0.26428,0.93157,0.99651,0.99826,0.995,0.92776,0.43614,0.2041,0.82605,0.00098426,0.00098426,0.00098426
515,3109.58,0.46894,0.25778,0.93095,1,0.99675,0.995,0.93069,0.43369,0.20202,0.82736,0.00098228,0.00098228,0.00098228
516,3115.47,0.49169,0.27133,0.94472,0.99652,0.99905,0.995,0.93334,0.4224,0.19943,0.82297,0.0009803,0.0009803,0.0009803
517,3121.42,0.48128,0.26542,0.93463,0.99913,0.99782,0.995,0.92992,0.43526,0.20194,0.83378,0.00097832,0.00097832,0.00097832
518,3127.37,0.4886,0.27063,0.93975,0.99763,0.99825,0.99497,0.92725,0.4342,0.20287,0.83522,0.00097634,0.00097634,0.00097634
519,3133.3,0.49376,0.27114,0.9429,0.99957,0.99738,0.995,0.92779,0.43914,0.20312,0.83498,0.00097436,0.00097436,0.00097436
520,3139.24,0.48997,0.26667,0.93172,0.99825,0.99884,0.995,0.92816,0.445,0.20577,0.83543,0.00097238,0.00097238,0.00097238
521,3145.11,0.49438,0.27074,0.93542,0.99691,0.99738,0.99496,0.92728,0.44416,0.20654,0.83538,0.0009704,0.0009704,0.0009704
522,3151.12,0.4909,0.26488,0.93212,0.99684,0.99825,0.99494,0.92482,0.45752,0.20779,0.8457,0.00096842,0.00096842,0.00096842
523,3157.05,0.49075,0.26238,0.92841,0.99644,0.99825,0.99496,0.91557,0.48403,0.21557,0.85882,0.00096644,0.00096644,0.00096644
524,3163.01,0.4998,0.26771,0.94787,0.99618,0.99738,0.9949,0.91709,0.47683,0.21597,0.85472,0.00096446,0.00096446,0.00096446
525,3168.95,0.49207,0.26451,0.94466,0.99509,0.99825,0.99493,0.93271,0.42802,0.20082,0.82416,0.00096248,0.00096248,0.00096248
526,3174.88,0.47884,0.26113,0.9319,0.99525,0.99825,0.99495,0.93172,0.42463,0.2009,0.82405,0.0009605,0.0009605,0.0009605
527,3180.76,0.49158,0.26673,0.93488,0.99192,0.99738,0.9948,0.918,0.45022,0.20992,0.8398,0.00095852,0.00095852,0.00095852
528,3186.78,0.48056,0.26267,0.93915,0.99332,0.99738,0.99488,0.91581,0.4496,0.21041,0.84148,0.00095654,0.00095654,0.00095654
529,3192.72,0.49408,0.26409,0.93251,0.99825,0.99603,0.99497,0.91762,0.44232,0.20701,0.84042,0.00095456,0.00095456,0.00095456
530,3198.62,0.46812,0.24866,0.93049,0.9952,0.99563,0.99496,0.91774,0.43943,0.20576,0.83839,0.00095258,0.00095258,0.00095258
531,3204.6,0.48977,0.26579,0.93,0.99713,0.99825,0.99497,0.92211,0.43337,0.20283,0.83814,0.0009506,0.0009506,0.0009506
532,3210.53,0.49415,0.26614,0.93525,0.99825,0.9991,0.995,0.92981,0.41768,0.19672,0.82363,0.00094862,0.00094862,0.00094862
533,3216.45,0.48559,0.2658,0.93358,0.99825,0.99796,0.99499,0.92834,0.41976,0.19709,0.82438,0.00094664,0.00094664,0.00094664
534,3222.41,0.47242,0.25666,0.93389,0.99219,0.99859,0.99497,0.91602,0.4583,0.20967,0.84843,0.00094466,0.00094466,0.00094466
535,3228.36,0.45289,0.24689,0.91847,0.99599,0.99651,0.99498,0.9266,0.43348,0.20142,0.82939,0.00094268,0.00094268,0.00094268
536,3234.25,0.47941,0.25296,0.92118,0.99909,0.99563,0.99499,0.93264,0.41969,0.19857,0.81871,0.0009407,0.0009407,0.0009407
537,3240.21,0.47381,0.25207,0.91996,0.99706,0.99476,0.99498,0.92707,0.43434,0.2037,0.82599,0.00093872,0.00093872,0.00093872
538,3246.16,0.45856,0.25262,0.92082,0.99539,0.99563,0.99493,0.92837,0.42543,0.20005,0.82124,0.00093674,0.00093674,0.00093674
539,3252.12,0.47014,0.24983,0.9314,0.99453,0.99651,0.99494,0.93629,0.40164,0.19125,0.80939,0.00093476,0.00093476,0.00093476
540,3258.12,0.48581,0.2545,0.9375,0.99392,0.99978,0.99495,0.92965,0.43099,0.20034,0.82756,0.00093278,0.00093278,0.00093278
541,3264.04,0.47347,0.2512,0.92314,0.99477,0.99732,0.99494,0.91722,0.46893,0.2136,0.85236,0.0009308,0.0009308,0.0009308
542,3269.93,0.47255,0.25552,0.91963,0.99825,0.99383,0.99496,0.92624,0.44287,0.20503,0.83534,0.00092882,0.00092882,0.00092882
543,3275.9,0.46328,0.25301,0.92044,0.9939,0.99825,0.99489,0.93248,0.42385,0.20067,0.82442,0.00092684,0.00092684,0.00092684
544,3281.92,0.48478,0.25724,0.93224,0.99469,0.99825,0.99486,0.93419,0.41332,0.19826,0.81798,0.00092486,0.00092486,0.00092486
545,3287.83,0.49021,0.26121,0.94329,0.99625,0.99651,0.99491,0.93443,0.41105,0.19601,0.8164,0.00092288,0.00092288,0.00092288
546,3293.68,0.46843,0.25354,0.91938,0.99556,0.99651,0.99494,0.93389,0.40896,0.19709,0.81507,0.0009209,0.0009209,0.0009209
547,3299.6,0.48166,0.26237,0.93574,0.99551,0.99913,0.99497,0.93698,0.40547,0.1959,0.81404,0.00091892,0.00091892,0.00091892
548,3305.51,0.47102,0.25463,0.91778,0.99756,0.99651,0.995,0.93905,0.40532,0.19248,0.81393,0.00091694,0.00091694,0.00091694
549,3311.7,0.46968,0.25473,0.93765,0.99879,0.99738,0.995,0.94075,0.39848,0.1901,0.81284,0.00091496,0.00091496,0.00091496
550,3317.86,0.46957,0.2518,0.92559,0.99652,0.99907,0.99497,0.94296,0.39349,0.18714,0.81044,0.00091298,0.00091298,0.00091298
551,3323.92,0.49571,0.26575,0.93753,0.99792,0.99913,0.99499,0.94242,0.39509,0.18847,0.81123,0.000911,0.000911,0.000911
552,3329.78,0.47405,0.25607,0.92727,0.99895,0.99825,0.995,0.94455,0.38846,0.18555,0.81099,0.00090902,0.00090902,0.00090902
553,3335.92,0.46234,0.24932,0.91897,0.99565,0.99927,0.995,0.93668,0.40667,0.19209,0.82277,0.00090704,0.00090704,0.00090704
554,3341.87,0.49315,0.26828,0.94493,0.99478,0.99913,0.99477,0.9238,0.44691,0.20427,0.84657,0.00090506,0.00090506,0.00090506
555,3347.78,0.47753,0.26057,0.93747,0.99646,0.99913,0.99496,0.92773,0.43612,0.20087,0.83643,0.00090308,0.00090308,0.00090308
556,3353.7,0.47002,0.26209,0.93654,0.99738,0.99875,0.995,0.93658,0.41149,0.19078,0.82196,0.0009011,0.0009011,0.0009011
557,3359.63,0.47595,0.25939,0.92321,0.99707,1,0.995,0.93693,0.4077,0.19152,0.82134,0.00089912,0.00089912,0.00089912
558,3365.59,0.46341,0.24528,0.92155,0.99652,0.99943,0.99498,0.93111,0.40961,0.19403,0.8221,0.00089714,0.00089714,0.00089714
559,3371.54,0.4449,0.24971,0.91581,0.99825,0.99561,0.995,0.9361,0.41108,0.19574,0.81913,0.00089516,0.00089516,0.00089516
560,3377.5,0.45959,0.25706,0.92817,0.99816,0.99738,0.995,0.93417,0.41884,0.19622,0.82471,0.00089318,0.00089318,0.00089318
561,3383.44,0.45248,0.25457,0.92566,0.99739,0.99967,0.995,0.93312,0.42505,0.19689,0.82918,0.0008912,0.0008912,0.0008912
562,3389.34,0.45591,0.2513,0.91593,0.99565,0.9996,0.995,0.93017,0.42233,0.19573,0.83015,0.00088922,0.00088922,0.00088922
563,3395.22,0.46586,0.24955,0.93172,0.99805,0.99825,0.99495,0.93048,0.4208,0.19599,0.83161,0.00088724,0.00088724,0.00088724
564,3401.17,0.45707,0.25616,0.91857,0.99738,0.99849,0.99492,0.93578,0.40194,0.19188,0.81872,0.00088526,0.00088526,0.00088526
565,3407.08,0.47617,0.25623,0.93516,0.99825,0.99794,0.99489,0.9388,0.39982,0.19272,0.81423,0.00088328,0.00088328,0.00088328
566,3413.01,0.4634,0.24924,0.92257,0.9972,0.99651,0.99496,0.93535,0.41274,0.19575,0.82066,0.0008813,0.0008813,0.0008813
567,3418.97,0.46133,0.25056,0.92212,0.99912,0.99545,0.99499,0.93409,0.41942,0.19739,0.82179,0.00087932,0.00087932,0.00087932
568,3424.87,0.46314,0.25188,0.92681,0.99731,0.99476,0.99496,0.932,0.43031,0.19781,0.83156,0.00087734,0.00087734,0.00087734
569,3430.81,0.4509,0.25163,0.91532,0.9978,0.99389,0.99493,0.93214,0.43615,0.19992,0.83738,0.00087536,0.00087536,0.00087536
570,3436.74,0.46512,0.25248,0.92466,0.99645,0.99913,0.99492,0.92962,0.43615,0.19953,0.83723,0.00087338,0.00087338,0.00087338
571,3442.73,0.44993,0.24972,0.92166,0.99615,1,0.99497,0.93528,0.41606,0.19538,0.82389,0.0008714,0.0008714,0.0008714
572,3448.69,0.45935,0.24843,0.93043,0.99478,0.9988,0.99497,0.93198,0.42667,0.19801,0.83119,0.00086942,0.00086942,0.00086942
573,3454.56,0.45844,0.25292,0.9216,0.99543,0.99825,0.99492,0.92413,0.45326,0.20629,0.84343,0.00086744,0.00086744,0.00086744
574,3460.44,0.45913,0.25651,0.93626,0.99695,0.99913,0.99495,0.9283,0.44382,0.20243,0.83897,0.00086546,0.00086546,0.00086546
575,3466.36,0.45205,0.25157,0.92244,0.99478,0.99844,0.99497,0.93183,0.43366,0.20041,0.83536,0.00086348,0.00086348,0.00086348
576,3472.26,0.44872,0.24224,0.91667,0.99565,0.99961,0.99498,0.93064,0.43059,0.1999,0.83403,0.0008615,0.0008615,0.0008615
577,3478.23,0.46724,0.25138,0.93886,0.99913,0.99955,0.995,0.9321,0.42563,0.19543,0.82909,0.00085952,0.00085952,0.00085952
578,3484.12,0.48494,0.25812,0.94969,0.9979,0.99913,0.995,0.93621,0.42182,0.19539,0.82711,0.00085754,0.00085754,0.00085754
579,3490.09,0.44724,0.2471,0.91482,0.99692,0.99913,0.99499,0.93136,0.43253,0.2008,0.83494,0.00085556,0.00085556,0.00085556
580,3495.96,0.44409,0.24675,0.911,0.99707,0.99913,0.99499,0.93033,0.43377,0.20143,0.83559,0.00085358,0.00085358,0.00085358
581,3501.89,0.4505,0.25781,0.91841,0.99825,0.99897,0.99499,0.93701,0.4188,0.19316,0.82421,0.0008516,0.0008516,0.0008516
582,3507.87,0.45722,0.25282,0.92144,0.99647,1,0.995,0.94087,0.40324,0.18756,0.81566,0.00084962,0.00084962,0.00084962
583,3513.78,0.45265,0.25191,0.92347,0.99652,0.99924,0.995,0.94205,0.40385,0.18825,0.81575,0.00084764,0.00084764,0.00084764
584,3519.7,0.45875,0.25304,0.92626,0.99869,0.99738,0.995,0.93917,0.40817,0.19069,0.81715,0.00084566,0.00084566,0.00084566
585,3525.64,0.44767,0.24515,0.91951,0.9993,0.99825,0.995,0.93544,0.41327,0.19123,0.81981,0.00084368,0.00084368,0.00084368
586,3531.59,0.46757,0.2582,0.92718,1,0.99975,0.995,0.93859,0.40488,0.18817,0.81793,0.0008417,0.0008417,0.0008417
587,3537.52,0.44716,0.24706,0.91502,0.99989,1,0.995,0.94091,0.39462,0.18612,0.81166,0.00083972,0.00083972,0.00083972
588,3543.43,0.45617,0.24296,0.93465,1,0.99987,0.995,0.93778,0.39764,0.18876,0.81565,0.00083774,0.00083774,0.00083774
589,3549.32,0.46451,0.2489,0.9315,0.99906,1,0.995,0.93854,0.40013,0.18705,0.81836,0.00083576,0.00083576,0.00083576
590,3555.22,0.43914,0.23736,0.90841,0.99738,1,0.995,0.94123,0.39406,0.18599,0.81498,0.00083378,0.00083378,0.00083378
591,3561.11,0.4511,0.25127,0.92079,0.99738,0.99858,0.995,0.94095,0.39142,0.18577,0.81441,0.0008318,0.0008318,0.0008318
592,3567.06,0.4628,0.25127,0.91908,0.99778,0.99913,0.995,0.94119,0.40022,0.18812,0.81864,0.00082982,0.00082982,0.00082982
593,3572.9,0.43821,0.24076,0.91537,0.99856,0.99738,0.995,0.93874,0.40797,0.1903,0.82155,0.00082784,0.00082784,0.00082784
594,3578.79,0.45528,0.24537,0.92342,0.99721,0.99913,0.995,0.93814,0.40761,0.18994,0.81595,0.00082586,0.00082586,0.00082586
595,3584.68,0.44231,0.24652,0.91756,0.99718,1,0.995,0.94705,0.38095,0.18302,0.79927,0.00082388,0.00082388,0.00082388
596,3590.78,0.43774,0.24155,0.9063,0.99737,1,0.995,0.94804,0.38089,0.18107,0.79883,0.0008219,0.0008219,0.0008219
597,3596.96,0.45315,0.24803,0.91216,0.99952,0.99825,0.995,0.94497,0.39327,0.18484,0.80521,0.00081992,0.00081992,0.00081992
598,3602.89,0.43136,0.24848,0.91468,0.99913,0.99821,0.99499,0.9429,0.39764,0.18831,0.81009,0.00081794,0.00081794,0.00081794
599,3608.77,0.4272,0.23932,0.91726,0.99863,0.99825,0.99498,0.93938,0.40819,0.19179,0.81791,0.00081596,0.00081596,0.00081596
600,3614.66,0.44637,0.2446,0.91345,0.99808,0.99913,0.995,0.93948,0.40691,0.1894,0.81824,0.00081398,0.00081398,0.00081398
601,3620.58,0.44147,0.24273,0.91579,0.99909,1,0.995,0.94095,0.40226,0.18685,0.81463,0.000812,0.000812,0.000812
602,3626.51,0.43662,0.2335,0.91584,0.99893,1,0.995,0.93877,0.40544,0.18553,0.81443,0.00081002,0.00081002,0.00081002
603,3632.41,0.44026,0.2425,0.92178,0.99913,0.99991,0.995,0.93961,0.4041,0.18379,0.81171,0.00080804,0.00080804,0.00080804
604,3638.29,0.43259,0.24102,0.91937,0.99814,0.99913,0.995,0.94167,0.40075,0.18483,0.80857,0.00080606,0.00080606,0.00080606
605,3644.24,0.44077,0.23685,0.91634,0.99726,1,0.995,0.94546,0.39017,0.18037,0.80128,0.00080408,0.00080408,0.00080408
606,3650.14,0.44626,0.24463,0.9204,0.99772,0.99913,0.995,0.94117,0.40009,0.1839,0.80702,0.0008021,0.0008021,0.0008021
607,3656.03,0.44246,0.24522,0.9126,0.9986,0.99913,0.99499,0.93875,0.39908,0.18727,0.80662,0.00080012,0.00080012,0.00080012
608,3661.99,0.4396,0.24677,0.91066,0.99887,0.99913,0.995,0.94628,0.37254,0.17727,0.79506,0.00079814,0.00079814,0.00079814
609,3667.92,0.42128,0.23744,0.90813,0.99802,1,0.995,0.95053,0.36719,0.17632,0.79394,0.00079616,0.00079616,0.00079616
610,3674.07,0.44344,0.24283,0.91389,0.99715,1,0.995,0.94653,0.38279,0.18098,0.80331,0.00079418,0.00079418,0.00079418
611,3679.95,0.43406,0.23817,0.91043,0.99786,1,0.995,0.9435,0.39197,0.1845,0.80777,0.0007922,0.0007922,0.0007922
612,3685.9,0.43706,0.2389,0.91368,0.99731,0.99913,0.995,0.94289,0.39759,0.18427,0.81198,0.00079022,0.00079022,0.00079022
613,3691.85,0.45151,0.24617,0.91387,1,0.99961,0.995,0.94837,0.38199,0.17995,0.80241,0.00078824,0.00078824,0.00078824
614,3697.8,0.42051,0.22611,0.90351,0.99806,0.99913,0.995,0.94398,0.39505,0.18576,0.81079,0.00078626,0.00078626,0.00078626
615,3703.71,0.43775,0.24649,0.90453,0.99547,0.99651,0.99492,0.93612,0.41107,0.19512,0.8225,0.00078428,0.00078428,0.00078428
616,3709.6,0.44126,0.24397,0.91856,0.99911,1,0.995,0.94713,0.37932,0.18185,0.80405,0.0007823,0.0007823,0.0007823
617,3715.51,0.42164,0.23295,0.90305,0.99805,1,0.995,0.94735,0.37884,0.17947,0.80123,0.00078032,0.00078032,0.00078032
618,3721.47,0.4462,0.24475,0.91797,0.99864,0.99913,0.995,0.94765,0.37889,0.17871,0.80292,0.00077834,0.00077834,0.00077834
619,3727.43,0.43305,0.24055,0.91261,0.99957,0.99913,0.995,0.94737,0.37569,0.17692,0.79815,0.00077636,0.00077636,0.00077636
620,3733.33,0.44167,0.24936,0.91904,0.99913,0.99963,0.995,0.94927,0.36996,0.17503,0.79122,0.00077438,0.00077438,0.00077438
621,3739.28,0.42918,0.23679,0.89807,0.99792,0.99913,0.995,0.94309,0.3909,0.18132,0.79989,0.0007724,0.0007724,0.0007724
622,3745.19,0.44144,0.2444,0.91077,0.99814,0.99913,0.995,0.94126,0.39568,0.1844,0.79968,0.00077042,0.00077042,0.00077042
623,3751.14,0.42218,0.23604,0.89761,0.99913,0.99884,0.995,0.94378,0.39093,0.18171,0.79798,0.00076844,0.00076844,0.00076844
624,3757.13,0.43587,0.2415,0.90577,0.99987,0.99913,0.995,0.93818,0.39866,0.18489,0.80308,0.00076646,0.00076646,0.00076646
625,3763.06,0.44245,0.24186,0.91384,0.99825,0.99834,0.995,0.93788,0.3997,0.18311,0.80254,0.00076448,0.00076448,0.00076448
626,3768.99,0.42914,0.23559,0.90399,0.9956,1,0.995,0.93932,0.39212,0.18139,0.79988,0.0007625,0.0007625,0.0007625
627,3774.88,0.43993,0.23928,0.9088,1,0.99988,0.995,0.94136,0.38877,0.18089,0.79889,0.00076052,0.00076052,0.00076052
628,3780.73,0.42874,0.23312,0.89871,0.99898,1,0.995,0.94381,0.38556,0.17901,0.79668,0.00075854,0.00075854,0.00075854
629,3786.63,0.42957,0.23381,0.90802,0.99896,1,0.995,0.94884,0.37555,0.17508,0.79256,0.00075656,0.00075656,0.00075656
630,3792.61,0.44207,0.24473,0.9115,0.99949,1,0.995,0.94795,0.37666,0.17309,0.79431,0.00075458,0.00075458,0.00075458
631,3798.53,0.43937,0.25182,0.90766,1,0.99981,0.995,0.94937,0.36959,0.17159,0.79089,0.0007526,0.0007526,0.0007526
632,3804.45,0.40867,0.22988,0.90663,0.99946,1,0.995,0.95063,0.3704,0.17219,0.79404,0.00075062,0.00075062,0.00075062
633,3810.61,0.42418,0.23973,0.91533,0.99889,1,0.99499,0.94415,0.39162,0.17757,0.80925,0.00074864,0.00074864,0.00074864
634,3816.58,0.41661,0.23004,0.89812,0.99896,1,0.99499,0.94648,0.38219,0.17596,0.80257,0.00074666,0.00074666,0.00074666
635,3822.47,0.43844,0.23686,0.91562,0.99913,1,0.995,0.95127,0.3641,0.17175,0.79104,0.00074468,0.00074468,0.00074468
636,3828.61,0.42006,0.23349,0.91254,1,0.99992,0.995,0.95203,0.36473,0.17094,0.79324,0.0007427,0.0007427,0.0007427
637,3834.7,0.43352,0.23603,0.909,1,0.9997,0.995,0.95222,0.36945,0.17414,0.79676,0.00074072,0.00074072,0.00074072
638,3840.81,0.41772,0.23066,0.89329,0.999,1,0.995,0.94888,0.37135,0.17471,0.79981,0.00073874,0.00073874,0.00073874
639,3846.7,0.42552,0.23342,0.91023,0.99949,0.99913,0.995,0.94425,0.37991,0.17545,0.80457,0.00073676,0.00073676,0.00073676
640,3852.57,0.42389,0.22838,0.90298,0.99862,1,0.99498,0.94052,0.39251,0.17985,0.80849,0.00073478,0.00073478,0.00073478
641,3858.49,0.42576,0.23335,0.9156,0.9981,1,0.995,0.93548,0.40443,0.18355,0.81344,0.0007328,0.0007328,0.0007328
642,3864.43,0.42702,0.23673,0.90676,1,0.99913,0.995,0.93756,0.39777,0.18058,0.81088,0.00073082,0.00073082,0.00073082
643,3870.36,0.42099,0.23327,0.90456,0.99868,1,0.995,0.94136,0.39014,0.18059,0.80767,0.00072884,0.00072884,0.00072884
644,3876.27,0.42621,0.23741,0.90536,0.99913,0.99979,0.995,0.94233,0.38454,0.17904,0.80423,0.00072686,0.00072686,0.00072686
645,3882.21,0.4237,0.23562,0.89936,1,0.99969,0.995,0.95183,0.35992,0.16985,0.78765,0.00072488,0.00072488,0.00072488
646,3888.12,0.41184,0.2303,0.90109,0.99891,1,0.995,0.95116,0.36333,0.17056,0.79073,0.0007229,0.0007229,0.0007229
647,3894.05,0.40742,0.22933,0.89759,0.99892,1,0.995,0.94794,0.37579,0.17374,0.7988,0.00072092,0.00072092,0.00072092
648,3900.11,0.42259,0.23769,0.90728,0.99984,1,0.995,0.9512,0.3696,0.17156,0.79597,0.00071894,0.00071894,0.00071894
649,3906.02,0.42022,0.23433,0.90945,0.99913,1,0.995,0.95083,0.37089,0.17256,0.79656,0.00071696,0.00071696,0.00071696
650,3911.96,0.41941,0.23578,0.90362,0.99714,0.99738,0.99497,0.9452,0.38571,0.17856,0.80513,0.00071498,0.00071498,0.00071498
651,3917.88,0.42493,0.23337,0.90977,0.99652,0.99913,0.99497,0.94593,0.39201,0.18206,0.80795,0.000713,0.000713,0.000713
652,3923.81,0.40631,0.22954,0.902,0.99738,0.99898,0.995,0.94951,0.37437,0.17544,0.79809,0.00071102,0.00071102,0.00071102
653,3929.72,0.40922,0.22376,0.90254,0.99825,0.99901,0.995,0.947,0.38761,0.17937,0.80405,0.00070904,0.00070904,0.00070904
654,3935.65,0.41899,0.22835,0.90372,0.9971,0.99913,0.995,0.94325,0.3956,0.18121,0.81322,0.00070706,0.00070706,0.00070706
655,3941.57,0.42103,0.23429,0.91442,0.99894,0.99913,0.995,0.94801,0.37896,0.17765,0.80767,0.00070508,0.00070508,0.00070508
656,3947.54,0.41085,0.23067,0.90733,0.99908,0.99913,0.995,0.94912,0.37024,0.17408,0.80453,0.0007031,0.0007031,0.0007031
657,3953.48,0.39743,0.22246,0.90343,0.99913,0.99896,0.995,0.94575,0.38231,0.17844,0.80945,0.00070112,0.00070112,0.00070112
658,3959.34,0.41321,0.2338,0.9042,0.99913,0.99981,0.995,0.951,0.37146,0.17602,0.80165,0.00069914,0.00069914,0.00069914
659,3965.25,0.40605,0.22374,0.89955,0.99896,1,0.995,0.95535,0.35735,0.17154,0.79242,0.00069716,0.00069716,0.00069716
660,3971.42,0.40676,0.22671,0.90099,0.99906,1,0.995,0.9536,0.3624,0.17104,0.79445,0.00069518,0.00069518,0.00069518
661,3977.44,0.41196,0.23463,0.91523,0.99985,1,0.995,0.9536,0.36323,0.17048,0.79564,0.0006932,0.0006932,0.0006932
662,3983.36,0.41463,0.23701,0.90993,0.99986,1,0.995,0.9551,0.35358,0.16853,0.79005,0.00069122,0.00069122,0.00069122
663,3989.29,0.40416,0.22931,0.90242,0.99981,1,0.995,0.95446,0.35689,0.16931,0.79033,0.00068924,0.00068924,0.00068924
664,3995.19,0.40907,0.23035,0.9043,0.99963,1,0.995,0.95442,0.35611,0.16784,0.78921,0.00068726,0.00068726,0.00068726
665,4001.09,0.40927,0.23246,0.90826,0.99974,1,0.995,0.95524,0.35611,0.1683,0.78884,0.00068528,0.00068528,0.00068528
666,4006.94,0.42066,0.23226,0.90621,0.9998,1,0.995,0.95373,0.35846,0.17079,0.78925,0.0006833,0.0006833,0.0006833
667,4012.88,0.40638,0.22129,0.89748,0.9991,1,0.995,0.94983,0.36938,0.17318,0.79477,0.00068132,0.00068132,0.00068132
668,4018.77,0.41525,0.23129,0.89412,0.99881,1,0.995,0.94827,0.37433,0.17567,0.80037,0.00067934,0.00067934,0.00067934
669,4024.68,0.4102,0.22725,0.90803,0.99913,0.99973,0.995,0.94864,0.37116,0.17404,0.80157,0.00067736,0.00067736,0.00067736
670,4030.65,0.41849,0.23817,0.91183,0.99907,1,0.995,0.94971,0.36707,0.17245,0.79964,0.00067538,0.00067538,0.00067538
671,4036.58,0.42588,0.23451,0.90908,0.99913,0.99988,0.995,0.94568,0.3776,0.1753,0.80914,0.0006734,0.0006734,0.0006734
672,4042.51,0.39964,0.2143,0.89677,0.99899,0.99913,0.995,0.94018,0.38828,0.1799,0.81782,0.00067142,0.00067142,0.00067142
673,4048.45,0.40044,0.22274,0.90356,0.99913,0.99995,0.995,0.94457,0.3783,0.17656,0.80953,0.00066944,0.00066944,0.00066944
674,4054.39,0.40515,0.22785,0.90249,0.9991,1,0.995,0.94027,0.38138,0.17642,0.81112,0.00066746,0.00066746,0.00066746
675,4060.4,0.42671,0.23008,0.89655,0.99906,1,0.995,0.93966,0.39093,0.17769,0.81179,0.00066548,0.00066548,0.00066548
676,4066.32,0.40841,0.22695,0.89717,0.99904,1,0.995,0.94709,0.37345,0.1715,0.79765,0.0006635,0.0006635,0.0006635
677,4072.33,0.41119,0.22882,0.90287,0.99908,1,0.995,0.95162,0.36017,0.16698,0.78948,0.00066152,0.00066152,0.00066152
678,4078.23,0.4062,0.2182,0.89819,0.99821,0.99825,0.995,0.9503,0.36538,0.17041,0.79622,0.00065954,0.00065954,0.00065954
679,4084.19,0.3978,0.22457,0.8957,0.99857,0.99825,0.995,0.94947,0.36837,0.16937,0.7996,0.00065756,0.00065756,0.00065756
680,4090.04,0.39572,0.22441,0.89431,0.99826,0.99994,0.99498,0.95351,0.354,0.16563,0.79181,0.00065558,0.00065558,0.00065558
681,4095.91,0.40821,0.22197,0.89859,0.99975,1,0.995,0.95227,0.35837,0.16801,0.79672,0.0006536,0.0006536,0.0006536
682,4101.82,0.42719,0.23254,0.90817,0.99716,1,0.995,0.94728,0.37007,0.17177,0.80643,0.00065162,0.00065162,0.00065162
683,4107.78,0.40349,0.22756,0.90022,0.99531,1,0.99497,0.94664,0.36594,0.17279,0.8046,0.00064964,0.00064964,0.00064964
684,4113.7,0.40021,0.22616,0.8941,0.99651,0.99852,0.995,0.9471,0.36636,0.17402,0.80305,0.00064766,0.00064766,0.00064766
685,4119.64,0.39873,0.22375,0.89095,0.99777,0.99913,0.995,0.94992,0.36387,0.17094,0.7988,0.00064568,0.00064568,0.00064568
686,4125.53,0.39414,0.22364,0.89809,0.99996,1,0.995,0.95333,0.35297,0.16489,0.79114,0.0006437,0.0006437,0.0006437
687,4131.47,0.41093,0.22346,0.89122,0.99894,1,0.995,0.95403,0.34492,0.16175,0.78725,0.00064172,0.00064172,0.00064172
688,4137.45,0.38991,0.21634,0.89394,1,0.99989,0.995,0.95388,0.35162,0.16485,0.78971,0.00063974,0.00063974,0.00063974
689,4143.36,0.39337,0.22088,0.89423,0.99979,1,0.995,0.95179,0.3523,0.16651,0.79035,0.00063776,0.00063776,0.00063776
690,4149.3,0.4093,0.21901,0.91341,0.99976,1,0.995,0.95839,0.33944,0.16143,0.78291,0.00063578,0.00063578,0.00063578
691,4155.41,0.39736,0.22155,0.89182,0.99917,1,0.995,0.95439,0.34958,0.16463,0.78729,0.0006338,0.0006338,0.0006338
692,4161.36,0.40662,0.23045,0.89646,0.99913,0.99978,0.995,0.94775,0.37281,0.17245,0.79641,0.00063182,0.00063182,0.00063182
693,4167.26,0.38819,0.21223,0.90203,1,0.99978,0.995,0.95021,0.36608,0.17059,0.79267,0.00062984,0.00062984,0.00062984
694,4173.14,0.40937,0.22629,0.90341,1,0.99964,0.995,0.95027,0.36433,0.16959,0.7934,0.00062786,0.00062786,0.00062786
695,4179.03,0.40491,0.22452,0.88925,0.99792,1,0.995,0.94762,0.3695,0.17087,0.7969,0.00062588,0.00062588,0.00062588
696,4184.94,0.39817,0.21819,0.90115,1,0.99995,0.995,0.95351,0.3589,0.16693,0.79163,0.0006239,0.0006239,0.0006239
697,4190.85,0.41013,0.22576,0.89852,0.99826,0.99985,0.99498,0.95157,0.36672,0.17007,0.79555,0.00062192,0.00062192,0.00062192
698,4196.77,0.3873,0.20975,0.88622,0.99807,0.99913,0.995,0.94916,0.37224,0.17259,0.80067,0.00061994,0.00061994,0.00061994
699,4202.7,0.40159,0.21902,0.89752,0.99896,0.99913,0.995,0.95036,0.36646,0.17103,0.79722,0.00061796,0.00061796,0.00061796
700,4208.57,0.40252,0.2228,0.89489,0.99997,1,0.995,0.95166,0.36054,0.16747,0.79444,0.00061598,0.00061598,0.00061598
701,4214.48,0.39334,0.21228,0.89572,1,0.99977,0.995,0.94971,0.36123,0.16751,0.79549,0.000614,0.000614,0.000614
702,4220.34,0.38646,0.21304,0.88913,0.99895,1,0.995,0.95311,0.35125,0.16474,0.79079,0.00061202,0.00061202,0.00061202
703,4226.29,0.40896,0.22628,0.88713,0.99894,1,0.995,0.95395,0.35259,0.16427,0.79065,0.00061004,0.00061004,0.00061004
704,4232.24,0.40522,0.21974,0.88914,0.99848,1,0.995,0.95446,0.35619,0.16635,0.79202,0.00060806,0.00060806,0.00060806
705,4238.15,0.3964,0.216,0.89848,0.99949,1,0.995,0.95474,0.35388,0.1661,0.78867,0.00060608,0.00060608,0.00060608
706,4244.04,0.38327,0.21086,0.88969,0.99947,1,0.995,0.95368,0.36016,0.16781,0.79067,0.0006041,0.0006041,0.0006041
707,4249.91,0.38921,0.22078,0.88979,0.99898,1,0.995,0.95194,0.36601,0.16898,0.79476,0.00060212,0.00060212,0.00060212
708,4255.79,0.39745,0.21828,0.89152,0.99894,1,0.995,0.95047,0.36811,0.16884,0.7967,0.00060014,0.00060014,0.00060014
709,4261.74,0.38041,0.21594,0.886,0.99897,1,0.995,0.94737,0.37868,0.17359,0.80519,0.00059816,0.00059816,0.00059816
710,4267.64,0.3856,0.21587,0.89823,0.99717,1,0.995,0.94707,0.37818,0.17517,0.80609,0.00059618,0.00059618,0.00059618
711,4273.55,0.38577,0.21597,0.88815,0.99714,1,0.995,0.95063,0.3643,0.16983,0.79695,0.0005942,0.0005942,0.0005942
712,4279.48,0.39742,0.22583,0.89413,0.99913,0.99981,0.995,0.95263,0.35777,0.1673,0.79189,0.00059222,0.00059222,0.00059222
713,4285.45,0.39013,0.21269,0.89724,0.99924,1,0.995,0.95678,0.34884,0.1642,0.78608,0.00059024,0.00059024,0.00059024
714,4291.39,0.40036,0.22254,0.89542,0.99986,1,0.995,0.95865,0.33784,0.16288,0.78208,0.00058826,0.00058826,0.00058826
715,4297.54,0.37372,0.21123,0.88241,1,1,0.995,0.95636,0.34618,0.16461,0.79031,0.00058628,0.00058628,0.00058628
716,4303.47,0.39323,0.21441,0.89473,1,0.9999,0.995,0.95394,0.35179,0.16646,0.79471,0.0005843,0.0005843,0.0005843
717,4309.35,0.3937,0.21746,0.8853,0.99988,1,0.995,0.95241,0.35864,0.16784,0.79807,0.00058232,0.00058232,0.00058232
718,4315.24,0.39663,0.22213,0.90191,0.9998,1,0.995,0.95648,0.3495,0.16486,0.79149,0.00058034,0.00058034,0.00058034
719,4321.16,0.38481,0.21551,0.89011,0.99903,1,0.99495,0.95982,0.33934,0.16047,0.78522,0.00057836,0.00057836,0.00057836
720,4327.34,0.37284,0.208,0.88213,0.99899,1,0.99499,0.9525,0.36726,0.17013,0.80273,0.00057638,0.00057638,0.00057638
721,4333.27,0.383,0.21134,0.88148,0.99888,0.99913,0.995,0.94809,0.38025,0.17439,0.81202,0.0005744,0.0005744,0.0005744
722,4339.2,0.39637,0.21518,0.89608,0.999,1,0.995,0.9551,0.362,0.16835,0.7987,0.00057242,0.00057242,0.00057242
723,4345.12,0.37205,0.21008,0.88644,0.99971,1,0.995,0.95812,0.34757,0.16325,0.78919,0.00057044,0.00057044,0.00057044
724,4351.03,0.38283,0.21663,0.89033,0.99983,1,0.995,0.95857,0.34185,0.16185,0.78417,0.00056846,0.00056846,0.00056846
725,4356.99,0.39797,0.21784,0.8908,0.99896,1,0.99499,0.95921,0.34276,0.16088,0.78271,0.00056648,0.00056648,0.00056648
726,4362.86,0.39265,0.21673,0.89365,0.99942,1,0.995,0.96072,0.3368,0.15872,0.77995,0.0005645,0.0005645,0.0005645
727,4368.97,0.39513,0.21616,0.88716,0.9995,1,0.995,0.96073,0.33494,0.15856,0.7792,0.00056252,0.00056252,0.00056252
728,4375.1,0.37519,0.20704,0.88988,0.99969,1,0.995,0.95704,0.35135,0.16339,0.7895,0.00056054,0.00056054,0.00056054
729,4381.08,0.38609,0.21463,0.89724,0.99976,1,0.995,0.95366,0.36043,0.16643,0.79645,0.00055856,0.00055856,0.00055856
730,4387,0.3834,0.21644,0.88399,0.99987,1,0.995,0.95582,0.35533,0.16497,0.7943,0.00055658,0.00055658,0.00055658
731,4392.89,0.36612,0.20798,0.88552,0.99986,1,0.995,0.9578,0.3485,0.16343,0.7901,0.0005546,0.0005546,0.0005546
732,4398.81,0.39464,0.21552,0.89182,0.99983,1,0.995,0.95651,0.35281,0.16388,0.79272,0.00055262,0.00055262,0.00055262
733,4404.74,0.38003,0.21398,0.89087,0.99983,1,0.995,0.9527,0.36645,0.1701,0.80051,0.00055064,0.00055064,0.00055064
734,4410.69,0.40601,0.22281,0.89659,0.99901,1,0.995,0.95366,0.36661,0.17049,0.80065,0.00054866,0.00054866,0.00054866
735,4416.61,0.39452,0.21079,0.88827,0.99986,1,0.995,0.95465,0.36293,0.16818,0.7963,0.00054668,0.00054668,0.00054668
736,4422.57,0.38513,0.21744,0.88218,0.99907,1,0.995,0.95321,0.36464,0.16906,0.79691,0.0005447,0.0005447,0.0005447
737,4428.51,0.3879,0.21403,0.89396,0.99943,1,0.995,0.95415,0.36347,0.167,0.79616,0.00054272,0.00054272,0.00054272
738,4434.38,0.38307,0.2081,0.88213,0.99982,1,0.995,0.95598,0.35111,0.16425,0.78942,0.00054074,0.00054074,0.00054074
739,4440.26,0.37443,0.21102,0.88415,0.99897,1,0.995,0.95327,0.36156,0.16777,0.79753,0.00053876,0.00053876,0.00053876
740,4446.22,0.38429,0.22198,0.8929,0.99995,1,0.995,0.94524,0.38747,0.1762,0.81622,0.00053678,0.00053678,0.00053678
741,4452.17,0.36589,0.20507,0.89058,0.99963,1,0.995,0.9447,0.38656,0.17512,0.81656,0.0005348,0.0005348,0.0005348
742,4458.09,0.37261,0.21228,0.89194,0.99991,1,0.995,0.95303,0.36208,0.16595,0.80047,0.00053282,0.00053282,0.00053282
743,4463.98,0.37161,0.20522,0.88647,0.99991,1,0.995,0.95707,0.34845,0.16329,0.79141,0.00053084,0.00053084,0.00053084
744,4469.88,0.39051,0.21312,0.89739,0.9999,1,0.995,0.95675,0.34647,0.16415,0.79094,0.00052886,0.00052886,0.00052886
745,4475.8,0.36789,0.2042,0.88963,0.99984,1,0.995,0.95607,0.34866,0.16428,0.79409,0.00052688,0.00052688,0.00052688
746,4481.75,0.39448,0.21242,0.89347,0.9998,1,0.995,0.95411,0.35803,0.16749,0.80053,0.0005249,0.0005249,0.0005249
747,4487.72,0.369,0.21142,0.88922,0.99938,1,0.995,0.95351,0.36307,0.16766,0.80469,0.00052292,0.00052292,0.00052292
748,4493.64,0.37031,0.21,0.88474,0.99985,1,0.995,0.95707,0.34692,0.16262,0.79353,0.00052094,0.00052094,0.00052094
749,4499.6,0.37547,0.20953,0.89514,0.99986,1,0.995,0.9605,0.33481,0.15791,0.78631,0.00051896,0.00051896,0.00051896
750,4505.55,0.3691,0.20468,0.88425,0.99981,1,0.995,0.96012,0.34043,0.16038,0.78753,0.00051698,0.00051698,0.00051698
751,4511.5,0.36966,0.21178,0.88132,0.99972,1,0.995,0.96077,0.33611,0.15942,0.78473,0.000515,0.000515,0.000515
752,4517.63,0.37884,0.2122,0.88506,0.99962,1,0.995,0.96279,0.32538,0.15637,0.77926,0.00051302,0.00051302,0.00051302
753,4523.72,0.37175,0.20779,0.89397,0.99976,1,0.995,0.96132,0.3274,0.1564,0.77992,0.00051104,0.00051104,0.00051104
754,4529.67,0.38977,0.21352,0.89817,0.99983,1,0.995,0.95735,0.33957,0.16214,0.78642,0.00050906,0.00050906,0.00050906
755,4535.54,0.38641,0.21716,0.88189,0.99889,1,0.995,0.95647,0.3429,0.16318,0.78854,0.00050708,0.00050708,0.00050708
756,4541.48,0.37828,0.20901,0.88958,0.99977,1,0.995,0.95714,0.33912,0.16305,0.78762,0.0005051,0.0005051,0.0005051
757,4547.4,0.37333,0.21884,0.88459,0.99895,1,0.99499,0.95878,0.3343,0.16204,0.78611,0.00050312,0.00050312,0.00050312
758,4553.32,0.36947,0.20634,0.88404,0.99889,1,0.99499,0.95951,0.33238,0.16199,0.78396,0.00050114,0.00050114,0.00050114
759,4559.22,0.36121,0.20962,0.8723,0.99807,1,0.99498,0.95888,0.33571,0.16267,0.78348,0.00049916,0.00049916,0.00049916
760,4565.19,0.37084,0.20731,0.8776,0.99826,0.99988,0.99498,0.9565,0.34073,0.16407,0.78501,0.00049718,0.00049718,0.00049718
761,4571.11,0.38168,0.21036,0.8889,0.99913,0.999,0.99499,0.95391,0.3496,0.16642,0.78818,0.0004952,0.0004952,0.0004952
762,4577.08,0.35901,0.20586,0.87753,0.99897,0.99825,0.99499,0.95218,0.36009,0.16902,0.79461,0.00049322,0.00049322,0.00049322
763,4583,0.37431,0.20858,0.88193,0.99808,0.99825,0.99441,0.95006,0.3647,0.17022,0.79581,0.00049124,0.00049124,0.00049124
764,4588.89,0.37308,0.21099,0.88497,0.99813,0.99825,0.99438,0.95345,0.35506,0.16659,0.78831,0.00048926,0.00048926,0.00048926
765,4594.85,0.36356,0.20846,0.88723,0.99903,0.99825,0.99441,0.95398,0.35401,0.16482,0.78741,0.00048728,0.00048728,0.00048728
766,4600.75,0.36948,0.20668,0.88582,0.99989,1,0.995,0.95516,0.35146,0.16332,0.78669,0.0004853,0.0004853,0.0004853
767,4606.65,0.37431,0.20416,0.89356,0.99913,0.99997,0.995,0.95615,0.35035,0.16382,0.7858,0.00048332,0.00048332,0.00048332
768,4612.61,0.3725,0.21122,0.88362,0.99902,1,0.995,0.95844,0.34214,0.16052,0.78227,0.00048134,0.00048134,0.00048134
769,4618.51,0.37241,0.20745,0.87849,0.99913,0.99994,0.995,0.96002,0.33358,0.15863,0.7777,0.00047936,0.00047936,0.00047936
770,4624.41,0.37756,0.2128,0.88751,0.99813,1,0.99496,0.96073,0.327,0.158,0.77547,0.00047738,0.00047738,0.00047738
771,4630.36,0.36904,0.20767,0.88358,0.99801,0.99913,0.99463,0.96218,0.3271,0.1575,0.77757,0.0004754,0.0004754,0.0004754
772,4636.3,0.35211,0.20664,0.87734,0.9987,1,0.995,0.96294,0.32108,0.15583,0.77392,0.00047342,0.00047342,0.00047342
773,4642.41,0.37396,0.20924,0.87937,0.998,1,0.995,0.96308,0.318,0.15413,0.77153,0.00047144,0.00047144,0.00047144
774,4648.51,0.36294,0.20881,0.88104,0.99824,1,0.995,0.9617,0.32665,0.1566,0.77489,0.00046946,0.00046946,0.00046946
775,4654.39,0.37989,0.21573,0.89181,0.9988,1,0.995,0.96158,0.33516,0.1592,0.77917,0.00046748,0.00046748,0.00046748
776,4660.32,0.37322,0.20806,0.88947,0.99923,1,0.995,0.95759,0.34367,0.16125,0.78458,0.0004655,0.0004655,0.0004655
777,4666.23,0.36256,0.20657,0.87869,0.99909,1,0.995,0.95752,0.34458,0.16029,0.78658,0.00046352,0.00046352,0.00046352
778,4672.17,0.36299,0.19944,0.87967,0.99962,1,0.995,0.95989,0.33612,0.15787,0.78277,0.00046154,0.00046154,0.00046154
779,4678.03,0.35808,0.20691,0.88105,0.99985,1,0.995,0.96086,0.32936,0.15648,0.77975,0.00045956,0.00045956,0.00045956
780,4683.97,0.35964,0.20517,0.88161,0.99989,1,0.995,0.96138,0.32507,0.15392,0.77791,0.00045758,0.00045758,0.00045758
781,4689.93,0.36536,0.20459,0.88867,0.99989,1,0.995,0.96516,0.31504,0.14978,0.77322,0.0004556,0.0004556,0.0004556
782,4696.11,0.36563,0.20316,0.88036,0.99988,1,0.995,0.96364,0.31602,0.1515,0.77352,0.00045362,0.00045362,0.00045362
783,4702.07,0.3609,0.20421,0.87854,0.99986,1,0.995,0.96142,0.32582,0.15398,0.78027,0.00045164,0.00045164,0.00045164
784,4708,0.37759,0.20762,0.88113,0.99905,1,0.995,0.95826,0.33397,0.15668,0.7847,0.00044966,0.00044966,0.00044966
785,4713.92,0.37711,0.20734,0.88285,0.99822,1,0.99499,0.95823,0.33384,0.15652,0.78497,0.00044768,0.00044768,0.00044768
786,4719.83,0.35102,0.1944,0.87819,0.99908,1,0.995,0.96071,0.32773,0.15426,0.78165,0.0004457,0.0004457,0.0004457
787,4725.8,0.37408,0.20211,0.88393,0.99904,1,0.995,0.96032,0.32663,0.15282,0.77954,0.00044372,0.00044372,0.00044372
788,4731.72,0.36101,0.2055,0.87811,0.99911,1,0.995,0.96162,0.32619,0.15395,0.77764,0.00044174,0.00044174,0.00044174
789,4737.66,0.37127,0.20427,0.88105,0.99999,1,0.995,0.96049,0.32992,0.15683,0.77847,0.00043976,0.00043976,0.00043976
790,4743.57,0.35625,0.19622,0.87966,0.99894,0.99738,0.99454,0.9607,0.33512,0.15643,0.78161,0.00043778,0.00043778,0.00043778
791,4749.51,0.35851,0.2028,0.87917,0.99986,0.99825,0.995,0.95965,0.33715,0.15833,0.78185,0.0004358,0.0004358,0.0004358
792,4755.45,0.35856,0.20003,0.88477,0.99978,0.99825,0.995,0.95818,0.34269,0.1591,0.78531,0.00043382,0.00043382,0.00043382
793,4761.4,0.36416,0.2031,0.88054,0.99878,0.99825,0.995,0.95804,0.34138,0.15906,0.78538,0.00043184,0.00043184,0.00043184
794,4767.36,0.35334,0.20187,0.88431,0.99897,0.99825,0.995,0.95925,0.33725,0.15697,0.78307,0.00042986,0.00042986,0.00042986
795,4773.28,0.37124,0.21059,0.88939,0.9981,1,0.99499,0.96042,0.33667,0.15608,0.78419,0.00042788,0.00042788,0.00042788
796,4779.2,0.35791,0.20583,0.88742,0.99721,0.99913,0.99445,0.95913,0.34314,0.15927,0.78873,0.0004259,0.0004259,0.0004259
797,4785.12,0.35602,0.19674,0.88349,0.9971,0.99913,0.99449,0.95709,0.34439,0.16006,0.79036,0.00042392,0.00042392,0.00042392
798,4791,0.35404,0.20029,0.8819,0.99725,0.99913,0.99453,0.96096,0.33446,0.15587,0.78465,0.00042194,0.00042194,0.00042194
799,4796.96,0.3519,0.19184,0.87171,0.99913,0.99997,0.995,0.96343,0.32167,0.15299,0.77708,0.00041996,0.00041996,0.00041996
800,4802.86,0.3616,0.19683,0.88526,0.99893,1,0.995,0.96153,0.32949,0.15447,0.7813,0.00041798,0.00041798,0.00041798
801,4808.74,0.36212,0.20486,0.87434,0.99825,0.99906,0.995,0.95702,0.34636,0.16049,0.79149,0.000416,0.000416,0.000416
802,4814.67,0.37315,0.20052,0.88869,0.99739,0.99998,0.99499,0.95587,0.35109,0.16202,0.79278,0.00041402,0.00041402,0.00041402
803,4820.78,0.34771,0.2008,0.87553,0.99643,1,0.995,0.9588,0.34061,0.15827,0.78777,0.00041204,0.00041204,0.00041204
804,4826.68,0.35031,0.1955,0.88049,0.99861,1,0.995,0.96113,0.33115,0.15501,0.78281,0.00041006,0.00041006,0.00041006
805,4832.65,0.37506,0.20573,0.88455,0.99898,1,0.995,0.96363,0.32514,0.15294,0.77966,0.00040808,0.00040808,0.00040808
806,4838.58,0.3506,0.19764,0.87244,0.99883,1,0.995,0.96454,0.32126,0.15201,0.77802,0.0004061,0.0004061,0.0004061
807,4844.54,0.35763,0.20405,0.88499,0.9982,1,0.995,0.96618,0.31546,0.14883,0.77508,0.00040412,0.00040412,0.00040412
808,4850.68,0.35536,0.19691,0.88013,0.99944,1,0.995,0.966,0.31474,0.14788,0.7739,0.00040214,0.00040214,0.00040214
809,4856.67,0.35065,0.20108,0.87386,0.99851,1,0.995,0.96059,0.32863,0.1529,0.77926,0.00040016,0.00040016,0.00040016
810,4862.55,0.35201,0.194,0.8713,0.99922,1,0.995,0.96169,0.32914,0.15343,0.77836,0.00039818,0.00039818,0.00039818
811,4868.46,0.34998,0.19682,0.87018,0.99874,1,0.995,0.96529,0.31732,0.14995,0.77148,0.0003962,0.0003962,0.0003962
812,4874.37,0.34348,0.19845,0.86488,0.99878,1,0.995,0.96606,0.31539,0.14872,0.7701,0.00039422,0.00039422,0.00039422
813,4880.3,0.35618,0.19794,0.87381,0.99974,1,0.995,0.96334,0.32416,0.15155,0.77449,0.00039224,0.00039224,0.00039224
814,4886.22,0.35663,0.20097,0.88343,0.99988,1,0.995,0.96057,0.33138,0.15306,0.77919,0.00039026,0.00039026,0.00039026
815,4892.21,0.34561,0.19946,0.8766,0.99989,1,0.995,0.96329,0.32483,0.15119,0.7756,0.00038828,0.00038828,0.00038828
816,4898.21,0.37334,0.20914,0.88445,0.99989,1,0.995,0.96471,0.32232,0.14984,0.77458,0.0003863,0.0003863,0.0003863
817,4904.23,0.33834,0.19256,0.86809,0.99987,1,0.995,0.96376,0.32177,0.15053,0.77457,0.00038432,0.00038432,0.00038432
818,4910.18,0.35146,0.19386,0.8768,0.99958,1,0.995,0.96387,0.31877,0.14861,0.7731,0.00038234,0.00038234,0.00038234
819,4916.11,0.34578,0.19393,0.86826,0.99987,1,0.995,0.96628,0.31221,0.14583,0.76938,0.00038036,0.00038036,0.00038036
820,4922.29,0.34138,0.19213,0.86995,0.99949,1,0.995,0.96745,0.30944,0.14603,0.76746,0.00037838,0.00037838,0.00037838
821,4928.44,0.34438,0.19035,0.86804,0.99909,1,0.995,0.96658,0.31452,0.1479,0.76984,0.0003764,0.0003764,0.0003764
822,4934.35,0.35489,0.19199,0.8777,0.99991,1,0.995,0.96495,0.32068,0.14988,0.77379,0.00037442,0.00037442,0.00037442
823,4940.28,0.35723,0.20042,0.87968,0.9999,1,0.995,0.96491,0.32178,0.15009,0.77427,0.00037244,0.00037244,0.00037244
824,4946.24,0.36614,0.2035,0.86839,0.99989,1,0.995,0.96484,0.32001,0.15189,0.77361,0.00037046,0.00037046,0.00037046
825,4952.2,0.34558,0.20206,0.88614,0.9999,1,0.995,0.96503,0.321,0.15133,0.77475,0.00036848,0.00036848,0.00036848
826,4958.19,0.34118,0.19613,0.8628,0.9999,1,0.995,0.9652,0.31909,0.15072,0.77349,0.0003665,0.0003665,0.0003665
827,4964.13,0.35597,0.1975,0.87764,0.99991,1,0.995,0.96581,0.31589,0.14751,0.77154,0.00036452,0.00036452,0.00036452
828,4970.01,0.34373,0.19301,0.88038,0.9999,1,0.995,0.96658,0.31464,0.14659,0.77071,0.00036254,0.00036254,0.00036254
829,4975.94,0.34242,0.19806,0.87486,0.99981,1,0.995,0.96593,0.31353,0.14676,0.77021,0.00036056,0.00036056,0.00036056
830,4981.88,0.34561,0.19235,0.88144,0.99976,1,0.995,0.96594,0.31339,0.14706,0.76988,0.00035858,0.00035858,0.00035858
831,4987.82,0.33733,0.19487,0.87396,0.99979,1,0.995,0.96571,0.31551,0.14834,0.77109,0.0003566,0.0003566,0.0003566
832,4993.74,0.3422,0.19731,0.86792,0.99985,1,0.995,0.96495,0.31677,0.14816,0.77156,0.00035462,0.00035462,0.00035462
833,4999.67,0.33711,0.19491,0.87365,0.99989,1,0.995,0.96634,0.31181,0.1455,0.76882,0.00035264,0.00035264,0.00035264
834,5005.6,0.34913,0.19955,0.87242,0.99991,1,0.995,0.96734,0.30417,0.14416,0.76526,0.00035066,0.00035066,0.00035066
835,5011.51,0.35039,0.19126,0.87552,0.99991,1,0.995,0.96599,0.30557,0.14457,0.76599,0.00034868,0.00034868,0.00034868
836,5017.47,0.33616,0.19115,0.8731,0.9999,1,0.995,0.9643,0.31596,0.14651,0.77173,0.0003467,0.0003467,0.0003467
837,5023.35,0.3626,0.19486,0.87835,0.99988,1,0.995,0.96253,0.322,0.14921,0.77555,0.00034472,0.00034472,0.00034472
838,5029.26,0.35586,0.20514,0.88054,0.99985,1,0.995,0.96232,0.32038,0.14904,0.77534,0.00034274,0.00034274,0.00034274
839,5035.21,0.35221,0.19611,0.87684,0.99985,1,0.995,0.96418,0.31683,0.14813,0.77379,0.00034076,0.00034076,0.00034076
840,5041.13,0.33677,0.18846,0.87327,0.99991,1,0.995,0.96306,0.32105,0.14945,0.77585,0.00033878,0.00033878,0.00033878
841,5047.07,0.33438,0.1916,0.86782,0.99991,1,0.995,0.96351,0.3189,0.14834,0.77529,0.0003368,0.0003368,0.0003368
842,5053,0.33676,0.18808,0.88115,1,0.99998,0.995,0.96288,0.3222,0.14885,0.77663,0.00033482,0.00033482,0.00033482
843,5058.92,0.34332,0.19757,0.8674,1,0.99977,0.995,0.96021,0.33201,0.15326,0.78115,0.00033284,0.00033284,0.00033284
844,5064.87,0.35463,0.19798,0.87881,0.99927,1,0.995,0.95879,0.33555,0.15442,0.78273,0.00033086,0.00033086,0.00033086
845,5070.79,0.34467,0.19168,0.87655,0.99958,1,0.995,0.95904,0.33435,0.15391,0.78205,0.00032888,0.00032888,0.00032888
846,5076.72,0.33401,0.18388,0.86671,0.9997,1,0.995,0.95877,0.33597,0.15433,0.78339,0.0003269,0.0003269,0.0003269
847,5082.62,0.34373,0.19119,0.87342,0.99973,1,0.995,0.95975,0.33376,0.15325,0.78304,0.00032492,0.00032492,0.00032492
848,5088.53,0.31905,0.1793,0.86484,0.99967,1,0.995,0.96038,0.32952,0.15225,0.78011,0.00032294,0.00032294,0.00032294
849,5094.41,0.33805,0.18339,0.8737,0.9997,1,0.995,0.96327,0.32164,0.14941,0.77495,0.00032096,0.00032096,0.00032096
850,5100.32,0.3394,0.19314,0.86415,0.99979,1,0.995,0.96529,0.31441,0.1467,0.77116,0.00031898,0.00031898,0.00031898
851,5106.21,0.35162,0.19863,0.87494,0.99978,1,0.995,0.96534,0.31535,0.14669,0.77204,0.000317,0.000317,0.000317
852,5112.17,0.33414,0.19074,0.87706,0.99969,1,0.995,0.96492,0.31677,0.1469,0.77333,0.00031502,0.00031502,0.00031502
853,5118.14,0.35446,0.20269,0.87931,0.9996,1,0.995,0.96447,0.31566,0.14732,0.77235,0.00031304,0.00031304,0.00031304
854,5124.08,0.3301,0.18693,0.86741,0.99961,1,0.995,0.96476,0.31858,0.14778,0.77395,0.00031106,0.00031106,0.00031106
855,5130.01,0.3386,0.19386,0.87205,0.99888,1,0.995,0.96438,0.3209,0.14909,0.77514,0.00030908,0.00030908,0.00030908
856,5135.87,0.33999,0.19482,0.8757,0.99894,1,0.995,0.96578,0.31312,0.14708,0.77099,0.0003071,0.0003071,0.0003071
857,5141.81,0.33332,0.18828,0.86981,0.99825,1,0.995,0.96764,0.30971,0.14588,0.76905,0.00030512,0.00030512,0.00030512
858,5147.95,0.34134,0.18806,0.87603,0.99739,0.99999,0.995,0.96501,0.31819,0.14756,0.77362,0.00030314,0.00030314,0.00030314
859,5153.87,0.31533,0.17839,0.85828,0.99825,0.99874,0.995,0.96339,0.32309,0.14847,0.77652,0.00030116,0.00030116,0.00030116
860,5159.81,0.33146,0.18277,0.87479,0.99825,0.99888,0.995,0.965,0.3187,0.14678,0.7743,0.00029918,0.00029918,0.00029918
861,5165.73,0.34216,0.19786,0.87078,0.99913,0.99906,0.995,0.967,0.30759,0.14369,0.76862,0.0002972,0.0002972,0.0002972
862,5171.71,0.34349,0.19387,0.88264,0.99818,0.99913,0.995,0.96752,0.30498,0.14285,0.7674,0.00029522,0.00029522,0.00029522
863,5177.66,0.33656,0.18607,0.86596,0.99826,0.99994,0.99499,0.96709,0.30634,0.14334,0.7682,0.00029324,0.00029324,0.00029324
864,5183.61,0.33026,0.18735,0.87456,0.99824,1,0.99495,0.9656,0.30922,0.14383,0.76925,0.00029126,0.00029126,0.00029126
865,5189.57,0.33377,0.18588,0.86621,0.99907,1,0.995,0.96549,0.30966,0.14351,0.77008,0.00028928,0.00028928,0.00028928
866,5195.48,0.33994,0.18361,0.86247,0.99903,1,0.995,0.96546,0.31338,0.14425,0.77277,0.0002873,0.0002873,0.0002873
867,5201.44,0.35142,0.19651,0.87501,0.99907,1,0.995,0.96526,0.31379,0.14428,0.77304,0.00028532,0.00028532,0.00028532
868,5207.41,0.3302,0.18305,0.86938,0.99913,0.99997,0.995,0.9657,0.31062,0.14306,0.77083,0.00028334,0.00028334,0.00028334
869,5213.37,0.34226,0.18965,0.86151,0.99906,1,0.995,0.96611,0.31037,0.14472,0.76951,0.00028136,0.00028136,0.00028136
870,5219.29,0.33992,0.1971,0.86703,0.99848,1,0.995,0.96603,0.31265,0.14471,0.76985,0.00027938,0.00027938,0.00027938
871,5225.2,0.31393,0.1799,0.86029,0.99893,1,0.995,0.96501,0.31266,0.14414,0.7689,0.0002774,0.0002774,0.0002774
872,5231.17,0.3324,0.18819,0.87555,0.99976,1,0.995,0.96591,0.30777,0.14264,0.76668,0.00027542,0.00027542,0.00027542
873,5237.11,0.32982,0.18508,0.8659,0.99969,1,0.995,0.968,0.30351,0.14071,0.76457,0.00027344,0.00027344,0.00027344
874,5243.26,0.33392,0.18943,0.87208,0.99971,1,0.995,0.9688,0.30159,0.14037,0.76329,0.00027146,0.00027146,0.00027146
875,5249.34,0.32674,0.18913,0.87206,0.99976,1,0.995,0.96795,0.30435,0.14119,0.76425,0.00026948,0.00026948,0.00026948
876,5255.23,0.33133,0.17939,0.86702,0.9998,1,0.995,0.96776,0.30716,0.142,0.76517,0.0002675,0.0002675,0.0002675
877,5261.16,0.33578,0.19274,0.87276,0.99983,1,0.995,0.96712,0.30559,0.14118,0.76452,0.00026552,0.00026552,0.00026552
878,5267.09,0.32219,0.188,0.86201,0.99984,1,0.995,0.96663,0.305,0.14186,0.76393,0.00026354,0.00026354,0.00026354
879,5273.05,0.33659,0.19535,0.87302,0.99988,1,0.995,0.96783,0.29959,0.14114,0.76155,0.00026156,0.00026156,0.00026156
880,5278.98,0.32929,0.18813,0.88043,0.99989,1,0.995,0.96733,0.30148,0.14224,0.76243,0.00025958,0.00025958,0.00025958
881,5284.91,0.31712,0.18142,0.85894,0.9999,1,0.995,0.96698,0.30323,0.14245,0.76345,0.0002576,0.0002576,0.0002576
882,5290.81,0.30618,0.18004,0.85993,0.9998,1,0.995,0.96508,0.30677,0.14354,0.76499,0.00025562,0.00025562,0.00025562
883,5296.77,0.32132,0.18079,0.86219,0.99903,1,0.995,0.96283,0.31655,0.14684,0.76924,0.00025364,0.00025364,0.00025364
884,5302.74,0.33359,0.19161,0.87489,0.99901,1,0.995,0.96205,0.32021,0.1473,0.77126,0.00025166,0.00025166,0.00025166
885,5308.66,0.32939,0.18788,0.86094,0.99983,1,0.995,0.96119,0.32449,0.14869,0.77363,0.00024968,0.00024968,0.00024968
886,5314.61,0.30682,0.17817,0.85032,0.99988,1,0.995,0.95941,0.32525,0.1486,0.77403,0.0002477,0.0002477,0.0002477
887,5320.5,0.31899,0.1824,0.87284,0.99991,1,0.995,0.95826,0.32356,0.14837,0.77325,0.00024572,0.00024572,0.00024572
888,5326.41,0.33635,0.18749,0.86909,0.99991,1,0.995,0.95771,0.32385,0.14883,0.77447,0.00024374,0.00024374,0.00024374
889,5332.36,0.31814,0.18516,0.86426,0.99978,1,0.995,0.95385,0.32849,0.15103,0.7779,0.00024176,0.00024176,0.00024176
890,5338.3,0.32876,0.1819,0.86382,0.99885,1,0.995,0.95297,0.33164,0.15193,0.78032,0.00023978,0.00023978,0.00023978
891,5344.21,0.30648,0.17918,0.8516,0.99868,1,0.99499,0.9543,0.32682,0.14961,0.77823,0.0002378,0.0002378,0.0002378
892,5350.15,0.34119,0.19122,0.86883,0.99931,1,0.995,0.95667,0.32211,0.14901,0.77582,0.00023582,0.00023582,0.00023582
893,5356.09,0.30923,0.1703,0.85552,0.99825,1,0.995,0.95866,0.31939,0.14839,0.7743,0.00023384,0.00023384,0.00023384
894,5362.02,0.32039,0.18342,0.87168,0.99814,1,0.99491,0.95885,0.31729,0.14791,0.77308,0.00023186,0.00023186,0.00023186
895,5367.97,0.31259,0.18269,0.86195,0.99819,1,0.99491,0.96015,0.31473,0.1469,0.77131,0.00022988,0.00022988,0.00022988
896,5373.82,0.31666,0.18292,0.86725,0.99819,1,0.99494,0.96023,0.31549,0.14637,0.77131,0.0002279,0.0002279,0.0002279
897,5379.7,0.32736,0.18222,0.87037,0.99801,1,0.99497,0.95852,0.31575,0.14657,0.77134,0.00022592,0.00022592,0.00022592
898,5385.58,0.31697,0.17972,0.85472,0.99823,1,0.99499,0.96076,0.31562,0.14689,0.77114,0.00022394,0.00022394,0.00022394
899,5391.45,0.32135,0.17796,0.86381,0.99826,0.99962,0.99498,0.95962,0.31402,0.14644,0.77061,0.00022196,0.00022196,0.00022196
900,5397.4,0.32274,0.18136,0.86122,0.99826,0.99936,0.995,0.96094,0.3109,0.14577,0.7698,0.00021998,0.00021998,0.00021998
901,5403.32,0.32234,0.18282,0.86124,0.99826,0.99954,0.995,0.96017,0.31308,0.14606,0.77151,0.000218,0.000218,0.000218
902,5409.26,0.32566,0.18645,0.86993,0.99826,0.99984,0.99499,0.9581,0.31789,0.14848,0.77435,0.00021602,0.00021602,0.00021602
903,5415.18,0.31446,0.1828,0.85906,0.99806,1,0.99499,0.9574,0.31884,0.14819,0.77549,0.00021404,0.00021404,0.00021404
904,5421.07,0.32423,0.18258,0.86381,0.99814,1,0.995,0.95961,0.31301,0.14594,0.77298,0.00021206,0.00021206,0.00021206
905,5426.95,0.31089,0.17637,0.85813,0.99826,0.99991,0.99493,0.95994,0.31194,0.1452,0.77314,0.00021008,0.00021008,0.00021008
906,5432.85,0.32262,0.1819,0.86757,0.99826,0.99974,0.99494,0.96,0.3133,0.14593,0.77446,0.0002081,0.0002081,0.0002081
907,5438.76,0.31892,0.18501,0.86836,0.99806,1,0.9949,0.95888,0.31666,0.14713,0.77625,0.00020612,0.00020612,0.00020612
908,5444.72,0.31154,0.17631,0.85006,0.99809,1,0.99493,0.95895,0.3182,0.14812,0.77691,0.00020414,0.00020414,0.00020414
909,5450.64,0.30743,0.17695,0.8648,0.99913,0.99987,0.99499,0.96055,0.31332,0.14546,0.77418,0.00020216,0.00020216,0.00020216
910,5456.59,0.30757,0.17607,0.86457,0.99898,1,0.995,0.96273,0.30592,0.14284,0.77049,0.00020018,0.00020018,0.00020018
911,5462.54,0.32477,0.1863,0.87526,0.99978,1,0.995,0.96384,0.29892,0.14057,0.76722,0.0001982,0.0001982,0.0001982
912,5468.48,0.3173,0.18367,0.87397,0.99979,1,0.995,0.96279,0.29651,0.13979,0.76636,0.00019622,0.00019622,0.00019622
913,5474.43,0.32198,0.18291,0.86497,0.99976,1,0.995,0.96354,0.29682,0.13976,0.76676,0.00019424,0.00019424,0.00019424
914,5480.39,0.31298,0.17981,0.85268,0.99975,1,0.995,0.96414,0.29801,0.14022,0.76739,0.00019226,0.00019226,0.00019226
915,5486.39,0.3142,0.18575,0.86734,0.99977,1,0.995,0.96215,0.30107,0.14143,0.76896,0.00019028,0.00019028,0.00019028
916,5492.34,0.31962,0.17919,0.86257,0.99958,1,0.995,0.96266,0.30438,0.14267,0.77084,0.0001883,0.0001883,0.0001883
917,5498.22,0.30508,0.17775,0.86461,0.99938,1,0.995,0.96243,0.30752,0.14291,0.77277,0.00018632,0.00018632,0.00018632
918,5504.13,0.32349,0.18587,0.87371,0.99943,1,0.995,0.96216,0.30838,0.14286,0.77399,0.00018434,0.00018434,0.00018434
919,5510.03,0.31633,0.18,0.86717,0.9995,1,0.995,0.96297,0.3067,0.14339,0.77382,0.00018236,0.00018236,0.00018236
920,5515.97,0.32017,0.1804,0.86202,0.99962,1,0.995,0.96379,0.30333,0.14119,0.77255,0.00018038,0.00018038,0.00018038
921,5521.92,0.29974,0.16864,0.8582,0.99969,1,0.995,0.9657,0.29932,0.14047,0.77075,0.0001784,0.0001784,0.0001784
922,5527.82,0.30618,0.17167,0.86038,0.99973,1,0.995,0.96582,0.29806,0.14079,0.76975,0.00017642,0.00017642,0.00017642
923,5533.74,0.33137,0.18571,0.87322,0.99972,1,0.995,0.96636,0.29907,0.14114,0.76973,0.00017444,0.00017444,0.00017444
924,5539.68,0.30266,0.17179,0.86383,0.99968,1,0.995,0.96689,0.30164,0.14199,0.77082,0.00017246,0.00017246,0.00017246
925,5545.67,0.30411,0.1737,0.86708,0.99961,1,0.995,0.96593,0.30303,0.14231,0.77117,0.00017048,0.00017048,0.00017048
926,5551.61,0.31934,0.17926,0.86434,0.99957,1,0.995,0.96549,0.30517,0.14256,0.77158,0.0001685,0.0001685,0.0001685
927,5557.52,0.31641,0.17633,0.87191,0.99951,1,0.995,0.96436,0.30865,0.1442,0.77333,0.00016652,0.00016652,0.00016652
928,5563.45,0.31763,0.18026,0.8616,0.9995,1,0.995,0.96276,0.31237,0.14523,0.77512,0.00016454,0.00016454,0.00016454
929,5569.35,0.32252,0.17758,0.86289,0.99944,1,0.995,0.96239,0.31359,0.14544,0.7758,0.00016256,0.00016256,0.00016256
930,5575.28,0.30665,0.17155,0.85951,0.99946,1,0.995,0.96331,0.31058,0.14534,0.77425,0.00016058,0.00016058,0.00016058
931,5581.26,0.32197,0.18164,0.87018,0.99941,1,0.995,0.96542,0.30557,0.14305,0.77156,0.0001586,0.0001586,0.0001586
932,5587.21,0.31737,0.17982,0.87296,0.99948,1,0.995,0.96622,0.30223,0.14235,0.76979,0.00015662,0.00015662,0.00015662
933,5593.09,0.29421,0.17187,0.86443,0.9991,1,0.995,0.96592,0.30271,0.14245,0.76992,0.00015464,0.00015464,0.00015464
934,5599.03,0.31191,0.18128,0.8657,0.99895,1,0.995,0.96522,0.30542,0.14317,0.77185,0.00015266,0.00015266,0.00015266
935,5604.99,0.30105,0.17103,0.85097,0.99888,1,0.995,0.96459,0.30632,0.14333,0.77252,0.00015068,0.00015068,0.00015068
936,5610.89,0.319,0.1746,0.8702,0.99887,1,0.995,0.96416,0.3052,0.14231,0.77231,0.0001487,0.0001487,0.0001487
937,5616.76,0.30244,0.17061,0.8615,0.99888,1,0.995,0.96488,0.30494,0.1418,0.77214,0.00014672,0.00014672,0.00014672
938,5622.65,0.31061,0.17319,0.86707,0.99887,1,0.995,0.96515,0.30428,0.14193,0.77159,0.00014474,0.00014474,0.00014474
939,5628.51,0.31498,0.17872,0.86361,0.99893,1,0.995,0.96599,0.30284,0.14157,0.77046,0.00014276,0.00014276,0.00014276
940,5634.4,0.31649,0.17559,0.8619,0.99901,1,0.995,0.96526,0.30288,0.14143,0.77024,0.00014078,0.00014078,0.00014078
941,5640.29,0.31284,0.17933,0.86478,0.9991,1,0.995,0.96531,0.30448,0.1414,0.77092,0.0001388,0.0001388,0.0001388
942,5646.22,0.30842,0.17246,0.86468,0.99998,1,0.995,0.96524,0.30578,0.14202,0.77161,0.00013682,0.00013682,0.00013682
943,5652.15,0.30796,0.17209,0.85863,1,0.99999,0.995,0.96585,0.30537,0.14148,0.77129,0.00013484,0.00013484,0.00013484
944,5658.05,0.3028,0.16888,0.85902,0.99989,1,0.995,0.96715,0.30053,0.14037,0.76883,0.00013286,0.00013286,0.00013286
945,5663.95,0.29416,0.16776,0.86577,0.99983,1,0.995,0.96778,0.29777,0.13956,0.76691,0.00013088,0.00013088,0.00013088
946,5669.83,0.30779,0.17389,0.85951,0.99982,1,0.995,0.96866,0.29617,0.1392,0.76511,0.0001289,0.0001289,0.0001289
947,5675.86,0.30259,0.18119,0.86374,0.99981,1,0.995,0.96857,0.29516,0.13867,0.76473,0.00012692,0.00012692,0.00012692
948,5681.85,0.32105,0.17937,0.86658,0.99983,1,0.995,0.96913,0.29554,0.13789,0.76526,0.00012494,0.00012494,0.00012494
949,5687.95,0.30999,0.17647,0.86057,0.99989,1,0.995,0.96857,0.29678,0.138,0.76633,0.00012296,0.00012296,0.00012296
950,5693.88,0.30246,0.17403,0.86105,1,0.99992,0.995,0.96803,0.29767,0.13833,0.76681,0.00012098,0.00012098,0.00012098
951,5699.78,0.32363,0.1852,0.87487,1,1,0.995,0.96728,0.29907,0.13826,0.76736,0.000119,0.000119,0.000119
952,5705.68,0.29373,0.16741,0.85971,0.99991,1,0.995,0.96762,0.29794,0.13851,0.76685,0.00011702,0.00011702,0.00011702
953,5711.61,0.30724,0.17155,0.86082,0.99982,1,0.995,0.96921,0.29536,0.13678,0.76559,0.00011504,0.00011504,0.00011504
954,5717.79,0.31369,0.17325,0.8502,0.99979,1,0.995,0.96875,0.29456,0.13702,0.76489,0.00011306,0.00011306,0.00011306
955,5723.7,0.30665,0.17109,0.85865,0.99977,1,0.995,0.96839,0.29512,0.13645,0.7647,0.00011108,0.00011108,0.00011108
956,5729.6,0.30516,0.17027,0.86073,0.99971,1,0.995,0.96776,0.29609,0.1366,0.76457,0.0001091,0.0001091,0.0001091
957,5735.54,0.31272,0.17345,0.8581,0.99967,1,0.995,0.96764,0.29772,0.13729,0.76507,0.00010712,0.00010712,0.00010712
958,5741.47,0.29916,0.17061,0.85078,0.99965,1,0.995,0.96698,0.29912,0.13815,0.7654,0.00010514,0.00010514,0.00010514
959,5747.37,0.29401,0.1728,0.85573,0.99967,1,0.995,0.96736,0.29839,0.138,0.76491,0.00010316,0.00010316,0.00010316
960,5753.35,0.29643,0.17364,0.85569,0.99972,1,0.995,0.96799,0.29613,0.13668,0.76393,0.00010118,0.00010118,0.00010118
961,5759.26,0.30105,0.1759,0.86286,0.99977,1,0.995,0.96856,0.29527,0.13651,0.76357,9.92e-05,9.92e-05,9.92e-05
962,5765.22,0.3138,0.1769,0.86436,0.99982,1,0.995,0.96884,0.29516,0.13685,0.76366,9.722e-05,9.722e-05,9.722e-05
963,5771.2,0.29074,0.17273,0.85906,0.99984,1,0.995,0.9681,0.2954,0.13718,0.7641,9.524e-05,9.524e-05,9.524e-05
964,5777.14,0.30509,0.17067,0.86133,0.99984,1,0.995,0.9682,0.296,0.13667,0.76472,9.326e-05,9.326e-05,9.326e-05
965,5783.08,0.30078,0.17062,0.85552,0.99982,1,0.995,0.96806,0.29627,0.13703,0.76514,9.128e-05,9.128e-05,9.128e-05
966,5789.03,0.31156,0.18363,0.8635,0.99983,1,0.995,0.9675,0.29635,0.13685,0.76523,8.93e-05,8.93e-05,8.93e-05
967,5794.98,0.30068,0.1746,0.85319,0.99983,1,0.995,0.96786,0.2963,0.13682,0.76529,8.732e-05,8.732e-05,8.732e-05
968,5800.95,0.29534,0.16957,0.85135,0.9998,1,0.995,0.96738,0.29873,0.13759,0.76654,8.534e-05,8.534e-05,8.534e-05
969,5806.9,0.30118,0.17257,0.85439,0.99974,1,0.995,0.9666,0.30161,0.13853,0.76787,8.336e-05,8.336e-05,8.336e-05
970,5812.84,0.29015,0.16651,0.85825,0.99972,1,0.995,0.9663,0.30284,0.13907,0.7684,8.138e-05,8.138e-05,8.138e-05
971,5818.72,0.30692,0.17121,0.86134,0.99971,1,0.995,0.96556,0.30344,0.13923,0.76856,7.94e-05,7.94e-05,7.94e-05
972,5824.64,0.30797,0.17725,0.85819,0.99977,1,0.995,0.96532,0.30214,0.13864,0.76774,7.742e-05,7.742e-05,7.742e-05
973,5830.54,0.31227,0.17176,0.86228,0.9998,1,0.995,0.96526,0.29994,0.13785,0.76638,7.544e-05,7.544e-05,7.544e-05
974,5836.46,0.28928,0.16318,0.85531,0.9998,1,0.995,0.96502,0.29857,0.13746,0.76534,7.346e-05,7.346e-05,7.346e-05
975,5842.41,0.29996,0.17241,0.8551,0.99979,1,0.995,0.96526,0.29832,0.13788,0.76486,7.148e-05,7.148e-05,7.148e-05
976,5848.34,0.29067,0.16659,0.85336,0.99979,1,0.995,0.96589,0.2979,0.13799,0.76439,6.95e-05,6.95e-05,6.95e-05
977,5854.24,0.30311,0.17301,0.85778,0.99979,1,0.995,0.96625,0.29606,0.1371,0.76332,6.752e-05,6.752e-05,6.752e-05
978,5860.14,0.30843,0.17407,0.85602,0.99981,1,0.995,0.96705,0.2931,0.13622,0.76188,6.554e-05,6.554e-05,6.554e-05
979,5866.09,0.30433,0.1724,0.85806,0.99982,1,0.995,0.96702,0.29092,0.13503,0.76089,6.356e-05,6.356e-05,6.356e-05
980,5872.01,0.30486,0.17544,0.85112,0.99982,1,0.995,0.96754,0.29033,0.13454,0.76072,6.158e-05,6.158e-05,6.158e-05
981,5877.9,0.28423,0.16197,0.84403,0.99982,1,0.995,0.96704,0.29055,0.13501,0.76112,5.96e-05,5.96e-05,5.96e-05
982,5883.79,0.30261,0.17221,0.86499,0.99981,1,0.995,0.96675,0.2914,0.13545,0.76159,5.762e-05,5.762e-05,5.762e-05
983,5889.65,0.30215,0.172,0.86374,0.9998,1,0.995,0.96606,0.2929,0.13591,0.76238,5.564e-05,5.564e-05,5.564e-05
984,5895.57,0.29592,0.17564,0.86162,0.9998,1,0.995,0.96574,0.29499,0.13698,0.76347,5.366e-05,5.366e-05,5.366e-05
985,5901.52,0.29368,0.16784,0.85791,0.9998,1,0.995,0.96544,0.29628,0.13736,0.76432,5.168e-05,5.168e-05,5.168e-05
986,5907.5,0.30088,0.17149,0.86494,0.99981,1,0.995,0.9645,0.29731,0.13758,0.76529,4.97e-05,4.97e-05,4.97e-05
987,5913.45,0.29809,0.1697,0.86392,0.99982,1,0.995,0.96456,0.29737,0.13722,0.76584,4.772e-05,4.772e-05,4.772e-05
988,5919.37,0.3017,0.17128,0.85935,0.99982,1,0.995,0.96573,0.29711,0.13724,0.76614,4.574e-05,4.574e-05,4.574e-05
989,5925.35,0.29336,0.16857,0.86377,0.99982,1,0.995,0.96497,0.29777,0.13747,0.76652,4.376e-05,4.376e-05,4.376e-05
990,5931.31,0.27797,0.15851,0.85841,0.99983,1,0.995,0.96407,0.29792,0.1374,0.76666,4.178e-05,4.178e-05,4.178e-05
991,5951.93,0.28426,0.14517,0.81941,0.99983,1,0.995,0.96386,0.29822,0.13749,0.76703,3.98e-05,3.98e-05,3.98e-05
992,5958.42,0.27677,0.14398,0.81165,0.99981,1,0.995,0.96331,0.2996,0.13857,0.76791,3.782e-05,3.782e-05,3.782e-05
993,5964.53,0.26406,0.13481,0.80381,0.99979,1,0.995,0.96287,0.30152,0.13956,0.76897,3.584e-05,3.584e-05,3.584e-05
994,5971.31,0.25981,0.13672,0.81753,0.99975,1,0.995,0.96226,0.3049,0.1413,0.77043,3.386e-05,3.386e-05,3.386e-05
995,5979.87,0.24681,0.13362,0.81029,0.99971,1,0.995,0.96075,0.30958,0.14358,0.7726,3.188e-05,3.188e-05,3.188e-05
996,5988.85,0.26622,0.13802,0.81949,0.99967,1,0.995,0.96014,0.31484,0.14504,0.775,2.99e-05,2.99e-05,2.99e-05
997,5998.11,0.26331,0.13819,0.80114,0.99962,1,0.995,0.95764,0.31971,0.14676,0.77715,2.792e-05,2.792e-05,2.792e-05
998,6007.21,0.26218,0.13346,0.80893,0.99958,1,0.995,0.95595,0.32351,0.14802,0.77908,2.594e-05,2.594e-05,2.594e-05
999,6016.91,0.26621,0.13654,0.81683,0.99956,1,0.995,0.95456,0.32618,0.14869,0.7806,2.396e-05,2.396e-05,2.396e-05
1000,6029.14,0.25965,0.13414,0.80829,0.9995,1,0.995,0.95309,0.32723,0.14926,0.78117,2.198e-05,2.198e-05,2.198e-05
